x-axis,1,2
second,Volt,Volt
-25.00000E-03,-2.55373238E+00,-651.70E-06
-24.97500E-03,-2.54996354E+00,-38.63E-06
-24.95000E-03,-2.54996354E+00,+415.52E-06
-24.92500E-03,-2.54933540E+00,+1.03298E-03
-24.90000E-03,-2.54902133E+00,+1.78675E-03
-24.87500E-03,-2.54902133E+00,+2.30371E-03
-24.85000E-03,-2.54619470E+00,+2.89102E-03
-24.82500E-03,-2.54438565E+00,+3.46891E-03
-24.80000E-03,-2.54431027E+00,+4.04680E-03
-24.77500E-03,-2.54399620E+00,+4.60207E-03
-24.75000E-03,-2.54204897E+00,+5.21828E-03
-24.72500E-03,-2.54022736E+00,+5.78926E-03
-24.70000E-03,-2.53894595E+00,+6.42557E-03
-24.67500E-03,-2.53545349E+00,+7.09642E-03
-24.65000E-03,-2.53240073E+00,+7.67305E-03
-24.62500E-03,-2.52873238E+00,+8.03549E-03
-24.60000E-03,-2.52500123E+00,+8.69190E-03
-24.57500E-03,-2.52453640E+00,+9.31564E-03
-24.55000E-03,-2.52069218E+00,+9.98712E-03
-24.52500E-03,-2.51232535E+00,+10.50345E-03
-24.50000E-03,-2.50567962E+00,+11.17305E-03
-24.47500E-03,-2.50316706E+00,+11.60144E-03
-24.45000E-03,-2.49784042E+00,+12.16614E-03
-24.42500E-03,-2.49301630E+00,+12.66866E-03
-24.40000E-03,-2.48840575E+00,+13.25220E-03
-24.37500E-03,-2.48369470E+00,+13.96828E-03
-24.35000E-03,-2.47871982E+00,+14.49906E-03
-24.32500E-03,-2.47771480E+00,+15.00157E-03
-24.30000E-03,-2.47424746E+00,+15.45509E-03
-24.27500E-03,-2.47310424E+00,+16.16551E-03
-24.25000E-03,-2.46962434E+00,+16.79177E-03
-24.22500E-03,-2.46767711E+00,+17.30685E-03
-24.20000E-03,-2.46512686E+00,+17.92242E-03
-24.17500E-03,-2.46084293E+00,+18.44755E-03
-24.15000E-03,-2.45511429E+00,+19.06564E-03
-24.12500E-03,-2.44939822E+00,+19.42368E-03
-24.10000E-03,-2.44003892E+00,+20.11589E-03
-24.07500E-03,-2.43273992E+00,+20.69567E-03
-24.05000E-03,-2.42359419E+00,+21.36401E-03
-24.02500E-03,-2.41378263E+00,+21.78298E-03
-24.00000E-03,-2.40523991E+00,+22.39793E-03
-23.97500E-03,-2.40069218E+00,+22.87657E-03
-23.95000E-03,-2.39527760E+00,+23.32381E-03
-23.92500E-03,-2.38959922E+00,+23.94629E-03
-23.90000E-03,-2.38692334E+00,+24.30245E-03
-23.87500E-03,-2.37835549E+00,+24.87908E-03
-23.85000E-03,-2.37219972E+00,+25.56439E-03
-23.82500E-03,-2.36176001E+00,+26.04931E-03
-23.80000E-03,-2.35080524E+00,+26.74780E-03
-23.77500E-03,-2.33947360E+00,+27.29680E-03
-23.75000E-03,-2.32854394E+00,+27.85019E-03
-23.72500E-03,-2.32104394E+00,+28.38222E-03
-23.70000E-03,-2.31294093E+00,+28.97519E-03
-23.67500E-03,-2.30781530E+00,+29.49026E-03
-23.65000E-03,-2.30267711E+00,+30.01539E-03
-23.62500E-03,-2.29594343E+00,+30.60459E-03
-23.60000E-03,-2.28471227E+00,+31.36966E-03
-23.57500E-03,-2.26987559E+00,+31.59642E-03
-23.55000E-03,-2.26091831E+00,+32.17368E-03
-23.52500E-03,-2.24875750E+00,+32.72330E-03
-23.50000E-03,-2.24029018E+00,+33.32758E-03
-23.47500E-03,-2.23495098E+00,+33.63599E-03
-23.45000E-03,-2.22856907E+00,+34.14793E-03
-23.42500E-03,-2.22492585E+00,+34.41677E-03
-23.40000E-03,-2.21649621E+00,+34.88976E-03
-23.37500E-03,-2.20354393E+00,+35.41928E-03
-23.35000E-03,-2.18939820E+00,+36.17305E-03
-23.32500E-03,-2.17478766E+00,+36.72393E-03
-23.30000E-03,-2.16224997E+00,+37.34642E-03
-23.27500E-03,-2.15154644E+00,+37.94441E-03
-23.25000E-03,-2.14506404E+00,+38.36840E-03
-23.22500E-03,-2.13300372E+00,+38.81438E-03
-23.20000E-03,-2.11883287E+00,+39.51853E-03
-23.17500E-03,-2.10363186E+00,+40.05936E-03
-23.15000E-03,-2.08951127E+00,+40.59705E-03
-23.12500E-03,-2.07980021E+00,+41.08825E-03
-23.10000E-03,-2.06937309E+00,+41.41237E-03
-23.07500E-03,-2.06104394E+00,+41.96954E-03
-23.05000E-03,-2.04992585E+00,+42.48398E-03
-23.02500E-03,-2.03370724E+00,+42.76665E-03
-23.00000E-03,-2.01755147E+00,+43.36526E-03
-22.97500E-03,-2.00154645E+00,+44.05308E-03
-22.95000E-03,-1.99207408E+00,+44.69630E-03
-22.92500E-03,-1.98633288E+00,+45.07506E-03
-22.90000E-03,-1.97795347E+00,+45.51036E-03
-22.87500E-03,-1.96679769E+00,+46.00346E-03
-22.85000E-03,-1.94882030E+00,+46.44567E-03
-22.82500E-03,-1.93230022E+00,+46.92180E-03
-22.80000E-03,-1.92011429E+00,+47.47330E-03
-22.77500E-03,-1.91011430E+00,+47.97519E-03
-22.75000E-03,-1.90222483E+00,+48.28675E-03
-22.72500E-03,-1.88844343E+00,+48.73021E-03
-22.70000E-03,-1.87242581E+00,+49.18562E-03
-22.67500E-03,-1.85561679E+00,+49.64981E-03
-22.65000E-03,-1.83963690E+00,+50.03737E-03
-22.62500E-03,-1.83067961E+00,+50.47896E-03
-22.60000E-03,-1.82164694E+00,+51.08888E-03
-22.57500E-03,-1.80789066E+00,+51.58323E-03
-22.55000E-03,-1.78713689E+00,+52.04617E-03
-22.52500E-03,-1.76642083E+00,+52.32506E-03
-22.50000E-03,-1.75599369E+00,+52.78737E-03
-22.47500E-03,-1.74918465E+00,+53.02795E-03
-22.45000E-03,-1.74054141E+00,+53.57381E-03
-22.42500E-03,-1.72576755E+00,+53.85019E-03
-22.40000E-03,-1.70437304E+00,+54.31376E-03
-22.37500E-03,-1.68457407E+00,+54.88222E-03
-22.35000E-03,-1.67109419E+00,+55.29680E-03
-22.32500E-03,-1.66006403E+00,+55.59516E-03
-22.30000E-03,-1.64527759E+00,+56.04303E-03
-22.27500E-03,-1.62580522E+00,+56.39353E-03
-22.25000E-03,-1.60410927E+00,+56.97079E-03
-22.22500E-03,-1.59262685E+00,+57.41049E-03
-22.20000E-03,-1.58295347E+00,+57.66049E-03
-22.17500E-03,-1.56944845E+00,+58.08574E-03
-22.15000E-03,-1.55027757E+00,+58.41614E-03
-22.12500E-03,-1.52948614E+00,+58.69504E-03
-22.10000E-03,-1.51305399E+00,+59.14164E-03
-22.07500E-03,-1.50188564E+00,+59.56815E-03
-22.05000E-03,-1.48650874E+00,+59.98650E-03
-22.02500E-03,-1.46516450E+00,+60.33511E-03
-22.00000E-03,-1.44355648E+00,+60.78989E-03
-21.97500E-03,-1.42878263E+00,+60.99529E-03
-21.95000E-03,-1.41791581E+00,+61.28738E-03
-21.92500E-03,-1.40074241E+00,+61.51413E-03
-21.90000E-03,-1.37840573E+00,+61.93938E-03
-21.87500E-03,-1.36089317E+00,+62.27230E-03
-21.85000E-03,-1.34722485E+00,+62.55685E-03
-21.82500E-03,-1.33382030E+00,+63.08826E-03
-21.80000E-03,-1.31552883E+00,+63.39228E-03
-21.77500E-03,-1.29250120E+00,+63.62971E-03
-21.75000E-03,-1.27571728E+00,+63.89918E-03
-21.72500E-03,-1.26158414E+00,+64.18561E-03
-21.70000E-03,-1.25094341E+00,+64.44629E-03
-21.67500E-03,-1.22599366E+00,+64.82255E-03
-21.65000E-03,-1.20168464E+00,+65.15986E-03
-21.62500E-03,-1.18488814E+00,+65.63285E-03
-21.60000E-03,-1.17006402E+00,+65.72708E-03
-21.57500E-03,-1.15066703E+00,+66.15107E-03
-21.55000E-03,-1.12678511E+00,+66.36840E-03
-21.52500E-03,-1.11233789E+00,+66.56187E-03
-21.50000E-03,-1.10285296E+00,+66.96765E-03
-21.47500E-03,-1.09029015E+00,+67.29240E-03
-21.45000E-03,-1.06853134E+00,+67.26351E-03
-21.42500E-03,-1.04433537E+00,+67.56376E-03
-21.40000E-03,-1.02717458E+00,+68.00471E-03
-21.37500E-03,-1.01692334E+00,+68.17368E-03
-21.35000E-03,-995.25242E-03,+68.47393E-03
-21.32500E-03,-969.67456E-03,+68.81564E-03
-21.30000E-03,-950.94345E-03,+68.94064E-03
-21.27500E-03,-939.23487E-03,+69.12092E-03
-21.25000E-03,-921.19466E-03,+69.13474E-03
-21.22500E-03,-895.91827E-03,+69.58260E-03
-21.20000E-03,-874.31023E-03,+69.76916E-03
-21.17500E-03,-862.53890E-03,+70.08386E-03
-21.15000E-03,-852.80271E-03,+70.28989E-03
-21.12500E-03,-831.24490E-03,+70.48210E-03
-21.10000E-03,-805.67958E-03,+70.88662E-03
-21.07500E-03,-788.21731E-03,+71.12280E-03
-21.05000E-03,-775.61678E-03,+71.19567E-03
-21.02500E-03,-756.10672E-03,+71.38850E-03
-21.00000E-03,-731.30772E-03,+71.53423E-03
-20.97500E-03,-710.55399E-03,+71.95885E-03
-20.95000E-03,-698.45598E-03,+71.79931E-03
-20.92500E-03,-683.24240E-03,+72.18687E-03
-20.90000E-03,-654.96350E-03,+72.19252E-03
-20.87500E-03,-631.87307E-03,+72.20006E-03
-20.85000E-03,-620.11430E-03,+72.30182E-03
-20.82500E-03,-606.97356E-03,+72.50094E-03
-20.80000E-03,-580.05147E-03,+72.61715E-03
-20.77500E-03,-558.30522E-03,+72.62782E-03
-20.75000E-03,-543.49369E-03,+72.98838E-03
-20.72500E-03,-529.78763E-03,+73.15735E-03
-20.70000E-03,-505.46602E-03,+73.27921E-03
-20.67500E-03,-482.50120E-03,+73.38788E-03
-20.65000E-03,-466.87306E-03,+73.39981E-03
-20.62500E-03,-453.22984E-03,+73.64164E-03
-20.60000E-03,-432.56400E-03,+73.89667E-03
-20.57500E-03,-406.48362E-03,+73.94755E-03
-20.55000E-03,-386.60927E-03,+74.02983E-03
-20.52500E-03,-371.97361E-03,+74.03549E-03
-20.50000E-03,-350.46602E-03,+74.18498E-03
-20.47500E-03,-326.11928E-03,+74.52041E-03
-20.45000E-03,-307.52635E-03,+74.47268E-03
-20.42500E-03,-293.20471E-03,+74.39981E-03
-20.40000E-03,-271.83533E-03,+74.67557E-03
-20.37500E-03,-244.49867E-03,+74.50534E-03
-20.35000E-03,-225.26502E-03,+74.65609E-03
-20.32500E-03,-211.04392E-03,+74.84453E-03
-20.30000E-03,-191.14440E-03,+74.86903E-03
-20.27500E-03,-163.02880E-03,+74.97330E-03
-20.25000E-03,-146.19472E-03,+74.83511E-03
-20.22500E-03,-133.94592E-03,+75.08386E-03
-20.20000E-03,-115.05144E-03,+74.84830E-03
-20.17500E-03,-89.83787E-03,+74.86024E-03
-20.15000E-03,-67.19967E-03,+75.36212E-03
-20.12500E-03,-51.59667E-03,+75.13976E-03
-20.10000E-03,-32.38814E-03,+75.24528E-03
-20.07500E-03,-9.59915E-03,+74.87217E-03
-20.05000E-03,+11.31790E-03,+74.54240E-03
-20.02500E-03,+25.18722E-03,+74.22581E-03
-20.00000E-03,+39.86062E-03,+74.55245E-03
-19.97500E-03,+59.78524E-03,+74.51476E-03
-19.95000E-03,+83.57920E-03,+74.69818E-03
-19.92500E-03,+100.26262E-03,+74.79240E-03
-19.90000E-03,+115.96613E-03,+74.98147E-03
-19.87500E-03,+136.97117E-03,+74.91363E-03
-19.85000E-03,+160.66464E-03,+74.86024E-03
-19.82500E-03,+177.59929E-03,+75.05496E-03
-19.80000E-03,+189.38322E-03,+75.05622E-03
-19.77500E-03,+211.94611E-03,+74.85961E-03
-19.75000E-03,+237.85057E-03,+75.11463E-03
-19.72500E-03,+257.14705E-03,+75.06124E-03
-19.70000E-03,+271.41840E-03,+74.75220E-03
-19.67500E-03,+295.38831E-03,+74.57883E-03
-19.65000E-03,+319.04404E-03,+74.84391E-03
-19.62500E-03,+337.34804E-03,+74.60584E-03
-19.60000E-03,+349.52139E-03,+74.66991E-03
-19.57500E-03,+364.64710E-03,+74.48210E-03
-19.55000E-03,+391.74506E-03,+74.50283E-03
-19.52500E-03,+413.94356E-03,+74.42745E-03
-19.50000E-03,+426.35555E-03,+74.42054E-03
-19.47500E-03,+443.62946E-03,+74.28863E-03
-19.45000E-03,+465.89081E-03,+74.04114E-03
-19.42500E-03,+488.70484E-03,+74.13662E-03
-19.40000E-03,+502.82543E-03,+74.00220E-03
-19.37500E-03,+516.93347E-03,+74.08134E-03
-19.35000E-03,+538.69228E-03,+73.88474E-03
-19.32500E-03,+563.06413E-03,+73.60521E-03
-19.30000E-03,+580.91587E-03,+73.47644E-03
-19.27500E-03,+595.63949E-03,+73.15734E-03
-19.25000E-03,+619.50887E-03,+73.05747E-03
-19.22500E-03,+644.32041E-03,+72.97204E-03
-19.20000E-03,+659.86062E-03,+72.59956E-03
-19.17500E-03,+672.33549E-03,+72.58700E-03
-19.15000E-03,+690.43854E-03,+72.35898E-03
-19.12500E-03,+715.61440E-03,+72.08699E-03
-19.10000E-03,+733.42847E-03,+72.11652E-03
-19.07500E-03,+746.38068E-03,+71.97833E-03
-19.05000E-03,+761.21740E-03,+71.78423E-03
-19.02500E-03,+783.47872E-03,+71.56752E-03
-19.00000E-03,+806.19225E-03,+71.40546E-03
-18.97500E-03,+823.42839E-03,+71.02733E-03
-18.95000E-03,+837.98872E-03,+70.97770E-03
-18.92500E-03,+860.80287E-03,+70.94189E-03
-18.90000E-03,+883.89328E-03,+70.75534E-03
-18.87500E-03,+903.17720E-03,+70.52921E-03
-18.85000E-03,+923.76769E-03,+70.33134E-03
-18.82500E-03,+946.93350E-03,+69.84893E-03
-18.80000E-03,+970.80283E-03,+69.63222E-03
-18.77500E-03,+984.39579E-03,+69.56564E-03
-18.75000E-03,+998.40330E-03,+69.71574E-03
-18.72500E-03,+1.01859178E+00,+69.21639E-03
-18.70000E-03,+1.04182043E+00,+68.90232E-03
-18.67500E-03,+1.05890580E+00,+68.89290E-03
-18.65000E-03,+1.07001130E+00,+68.67368E-03
-18.62500E-03,+1.08276266E+00,+68.19566E-03
-18.60000E-03,+1.11011188E+00,+68.03737E-03
-18.57500E-03,+1.13001133E+00,+67.67556E-03
-18.55000E-03,+1.14423243E+00,+67.59767E-03
-18.52500E-03,+1.15287569E+00,+67.32946E-03
-18.50000E-03,+1.16699628E+00,+67.11840E-03
-18.47500E-03,+1.18769988E+00,+66.91740E-03
-18.45000E-03,+1.21043850E+00,+66.44755E-03
-18.42500E-03,+1.22307666E+00,+66.31753E-03
-18.40000E-03,+1.23257416E+00,+66.00471E-03
-18.37500E-03,+1.24852900E+00,+65.65483E-03
-18.35000E-03,+1.27336565E+00,+65.44943E-03
-18.32500E-03,+1.29275006E+00,+65.15484E-03
-18.30000E-03,+1.30679530E+00,+64.91928E-03
-18.27500E-03,+1.32106665E+00,+64.63976E-03
-18.25000E-03,+1.33910685E+00,+64.34830E-03
-18.22500E-03,+1.35999880E+00,+63.89981E-03
-18.20000E-03,+1.37805155E+00,+63.63348E-03
-18.17500E-03,+1.38960931E+00,+63.17117E-03
-18.15000E-03,+1.40160680E+00,+62.90797E-03
-18.12500E-03,+1.41862945E+00,+62.30370E-03
-18.10000E-03,+1.44159430E+00,+61.98461E-03
-18.07500E-03,+1.45815206E+00,+61.76162E-03
-18.05000E-03,+1.47096610E+00,+61.40107E-03
-18.02500E-03,+1.48239830E+00,+61.13536E-03
-18.00000E-03,+1.50066464E+00,+60.85270E-03
-17.97500E-03,+1.52047615E+00,+60.22142E-03
-17.95000E-03,+1.53704651E+00,+60.24781E-03
-17.92500E-03,+1.55065206E+00,+59.78360E-03
-17.90000E-03,+1.56528776E+00,+59.22016E-03
-17.87500E-03,+1.58282548E+00,+58.79554E-03
-17.85000E-03,+1.60435810E+00,+58.51978E-03
-17.82500E-03,+1.62161935E+00,+58.07130E-03
-17.80000E-03,+1.63213449E+00,+57.78988E-03
-17.77500E-03,+1.64258671E+00,+57.50722E-03
-17.75000E-03,+1.66102898E+00,+57.07757E-03
-17.72500E-03,+1.68128020E+00,+56.67117E-03
-17.70000E-03,+1.69813947E+00,+56.36338E-03
-17.67500E-03,+1.70737311E+00,+55.98901E-03
-17.65000E-03,+1.71320225E+00,+55.41865E-03
-17.62500E-03,+1.72622996E+00,+55.10207E-03
-17.60000E-03,+1.74134305E+00,+54.66175E-03
-17.57500E-03,+1.76146869E+00,+54.39919E-03
-17.55000E-03,+1.77513701E+00,+53.85144E-03
-17.52500E-03,+1.78702137E+00,+53.63662E-03
-17.50000E-03,+1.79362945E+00,+53.11715E-03
-17.47500E-03,+1.80565209E+00,+52.71891E-03
-17.45000E-03,+1.82131789E+00,+52.42306E-03
-17.42500E-03,+1.83856659E+00,+51.85521E-03
-17.40000E-03,+1.85454653E+00,+51.47016E-03
-17.37500E-03,+1.86479780E+00,+50.92494E-03
-17.35000E-03,+1.87192088E+00,+50.45948E-03
-17.32500E-03,+1.87898115E+00,+49.95886E-03
-17.30000E-03,+1.89272495E+00,+49.39352E-03
-17.27500E-03,+1.90601640E+00,+49.03486E-03
-17.25000E-03,+1.92465958E+00,+48.66991E-03
-17.22500E-03,+1.93996108E+00,+48.06376E-03
-17.20000E-03,+1.94883039E+00,+47.64416E-03
-17.17500E-03,+1.95847871E+00,+47.31249E-03
-17.15000E-03,+1.96890581E+00,+46.72079E-03
-17.12500E-03,+1.98219730E+00,+46.38034E-03
-17.10000E-03,+1.99795113E+00,+45.95320E-03
-17.07500E-03,+2.01094102E+00,+45.29302E-03
-17.05000E-03,+2.02454647E+00,+44.86841E-03
-17.02500E-03,+2.02981028E+00,+44.49215E-03
-17.00000E-03,+2.03841589E+00,+44.04366E-03
-16.97500E-03,+2.04855407E+00,+43.29680E-03
-16.95000E-03,+2.06193346E+00,+42.91552E-03
-16.92500E-03,+2.07710931E+00,+42.43310E-03
-16.90000E-03,+2.09292589E+00,+41.91111E-03
-16.87500E-03,+2.10393089E+00,+41.38662E-03
-16.85000E-03,+2.10948366E+00,+40.95509E-03
-16.82500E-03,+2.11523741E+00,+40.35081E-03
-16.80000E-03,+2.12563946E+00,+39.86212E-03
-16.77500E-03,+2.13864198E+00,+39.47455E-03
-16.75000E-03,+2.15028778E+00,+38.92116E-03
-16.72500E-03,+2.16567721E+00,+38.39604E-03
-16.70000E-03,+2.17523747E+00,+37.89792E-03
-16.67500E-03,+2.18452137E+00,+37.28298E-03
-16.65000E-03,+2.18998616E+00,+36.71639E-03
-16.62500E-03,+2.19501128E+00,+36.21702E-03
-16.60000E-03,+2.20355403E+00,+35.68310E-03
-16.57500E-03,+2.21075258E+00,+35.19755E-03
-16.55000E-03,+2.22215957E+00,+34.68122E-03
-16.52500E-03,+2.23476007E+00,+34.20006E-03
-16.50000E-03,+2.24733548E+00,+33.62280E-03
-16.47500E-03,+2.25683296E+00,+33.00974E-03
-16.45000E-03,+2.26536304E+00,+32.51539E-03
-16.42500E-03,+2.27014949E+00,+31.99592E-03
-16.40000E-03,+2.27540074E+00,+31.45320E-03
-16.37500E-03,+2.28012438E+00,+30.98775E-03
-16.35000E-03,+2.28651881E+00,+30.35207E-03
-16.32500E-03,+2.29322746E+00,+29.85836E-03
-16.30000E-03,+2.30247368E+00,+29.21200E-03
-16.27500E-03,+2.31208422E+00,+28.84893E-03
-16.25000E-03,+2.32126763E+00,+28.27418E-03
-16.22500E-03,+2.32806402E+00,+27.62657E-03
-16.20000E-03,+2.33655651E+00,+27.07129E-03
-16.17500E-03,+2.34404395E+00,+26.68373E-03
-16.15000E-03,+2.34678270E+00,+25.95006E-03
-16.12500E-03,+2.35079018E+00,+25.58573E-03
-16.10000E-03,+2.35188322E+00,+25.11965E-03
-16.07500E-03,+2.35857919E+00,+24.20948E-03
-16.05000E-03,+2.36094097E+00,+23.90358E-03
-16.02500E-03,+2.36586555E+00,+23.33574E-03
-16.00000E-03,+2.37290074E+00,+22.69000E-03
-15.97500E-03,+2.37746109E+00,+22.15923E-03
-15.95000E-03,+2.38937056E+00,+21.62783E-03
-15.92500E-03,+2.39499874E+00,+21.02104E-03
-15.90000E-03,+2.40105402E+00,+20.41614E-03
-15.87500E-03,+2.40939571E+00,+20.04553E-03
-15.85000E-03,+2.41344087E+00,+19.43059E-03
-15.82500E-03,+2.41992337E+00,+18.76727E-03
-15.80000E-03,+2.42581529E+00,+18.35019E-03
-15.77500E-03,+2.42675753E+00,+17.86777E-03
-15.75000E-03,+2.43056408E+00,+17.06500E-03
-15.72500E-03,+2.43119219E+00,+16.82380E-03
-15.70000E-03,+2.43605400E+00,+15.89416E-03
-15.67500E-03,+2.43684545E+00,+15.39353E-03
-15.65000E-03,+2.44097862E+00,+14.73021E-03
-15.62500E-03,+2.44124252E+00,+14.26664E-03
-15.60000E-03,+2.44590325E+00,+13.93373E-03
-15.57500E-03,+2.45045097E+00,+13.14604E-03
-15.55000E-03,+2.45192083E+00,+12.64478E-03
-15.52500E-03,+2.45602889E+00,+12.05621E-03
-15.50000E-03,+2.45713445E+00,+11.45885E-03
-15.47500E-03,+2.46165701E+00,+10.83511E-03
-15.45000E-03,+2.46570224E+00,+10.23021E-03
-15.42500E-03,+2.46606661E+00,+9.63536E-03
-15.40000E-03,+2.46969728E+00,+9.17241E-03
-15.37500E-03,+2.47183290E+00,+8.56941E-03
-15.35000E-03,+2.47665700E+00,+7.98649E-03
-15.32500E-03,+2.47867955E+00,+7.59640E-03
-15.30000E-03,+2.47704646E+00,+6.91677E-03
-15.27500E-03,+2.47967217E+00,+6.36652E-03
-15.25000E-03,+2.48119224E+00,+5.69566E-03
-15.22500E-03,+2.48440827E+00,+5.06187E-03
-15.20000E-03,+2.48458414E+00,+4.60018E-03
-15.17500E-03,+2.48454645E+00,+3.96765E-03
-15.15000E-03,+2.48272483E+00,+3.34579E-03
-15.12500E-03,+2.48433288E+00,+2.68058E-03
-15.10000E-03,+2.48438313E+00,+2.11024E-03
-15.07500E-03,+2.48458414E+00,+1.44755E-03
-15.05000E-03,+2.48311430E+00,+977.70E-06
-15.02500E-03,+2.48233539E+00,+453.20E-06
-15.00000E-03,+2.48238571E+00,+70.66E-06
-14.97500E-03,+2.48379266E+00,-630.97E-06
-14.95000E-03,+2.48394342E+00,-1.26602E-03
-14.92500E-03,+2.48298864E+00,-1.86904E-03
-14.90000E-03,+2.47906910E+00,-2.48210E-03
-14.87500E-03,+2.47880527E+00,-2.93186E-03
-14.85000E-03,+2.47516203E+00,-3.27231E-03
-14.82500E-03,+2.47523740E+00,-3.93938E-03
-14.80000E-03,+2.47580279E+00,-4.75031E-03
-14.77500E-03,+2.47290077E+00,-5.35585E-03
-14.75000E-03,+2.47151875E+00,-6.08826E-03
-14.72500E-03,+2.47016197E+00,-6.20070E-03
-14.70000E-03,+2.46653133E+00,-6.93688E-03
-14.67500E-03,+2.46558922E+00,-7.70446E-03
-14.65000E-03,+2.46055147E+00,-8.18688E-03
-14.62500E-03,+2.45650622E+00,-8.86464E-03
-14.60000E-03,+2.45150623E+00,-9.40798E-03
-14.57500E-03,+2.45045093E+00,-10.02418E-03
-14.55000E-03,+2.44595349E+00,-10.48398E-03
-14.52500E-03,+2.44504894E+00,-11.06942E-03
-14.50000E-03,+2.44092837E+00,-11.53109E-03
-14.47500E-03,+2.43678260E+00,-12.11150E-03
-14.45000E-03,+2.43590324E+00,-12.77984E-03
-14.42500E-03,+2.43183286E+00,-13.31376E-03
-14.40000E-03,+2.43067708E+00,-13.93625E-03
-14.37500E-03,+2.42585299E+00,-14.45509E-03
-14.35000E-03,+2.42122981E+00,-14.93562E-03
-14.32500E-03,+2.41878022E+00,-15.53863E-03
-14.30000E-03,+2.41370467E+00,-16.02043E-03
-14.27500E-03,+2.40541327E+00,-16.92054E-03
-14.25000E-03,+2.39771222E+00,-17.46074E-03
-14.22500E-03,+2.39063940E+00,-17.93751E-03
-14.20000E-03,+2.38364189E+00,-18.57067E-03
-14.17500E-03,+2.37562677E+00,-19.09894E-03
-14.15000E-03,+2.36600374E+00,-19.67243E-03
-14.12500E-03,+2.36341579E+00,-20.19945E-03
-14.10000E-03,+2.35796347E+00,-20.74278E-03
-14.07500E-03,+2.35419468E+00,-21.26853E-03
-14.05000E-03,+2.35070216E+00,-22.04115E-03
-14.02500E-03,+2.34865446E+00,-22.59831E-03
-14.00000E-03,+2.34488563E+00,-23.07947E-03
-13.97500E-03,+2.33733531E+00,-23.53362E-03
-13.95000E-03,+2.33033788E+00,-24.38411E-03
-13.92500E-03,+2.32076501E+00,-24.78800E-03
-13.90000E-03,+2.31418204E+00,-25.20949E-03
-13.87500E-03,+2.30393076E+00,-26.00974E-03
-13.85000E-03,+2.29468464E+00,-26.46954E-03
-13.82500E-03,+2.28710917E+00,-27.05057E-03
-13.80000E-03,+2.27992333E+00,-27.68436E-03
-13.77500E-03,+2.27489818E+00,-28.09768E-03
-13.75000E-03,+2.27007408E+00,-28.77670E-03
-13.72500E-03,+2.26442083E+00,-29.37783E-03
-13.70000E-03,+2.25761178E+00,-29.93751E-03
-13.67500E-03,+2.24641818E+00,-30.42557E-03
-13.65000E-03,+2.23531268E+00,-31.06440E-03
-13.62500E-03,+2.22315188E+00,-31.66300E-03
-13.60000E-03,+2.20968459E+00,-31.95321E-03
-13.57500E-03,+2.19994842E+00,-32.53235E-03
-13.55000E-03,+2.19469721E+00,-33.21514E-03
-13.52500E-03,+2.18932031E+00,-33.75596E-03
-13.50000E-03,+2.18207147E+00,-34.15987E-03
-13.47500E-03,+2.17315185E+00,-34.67055E-03
-13.45000E-03,+2.15976000E+00,-35.26602E-03
-13.42500E-03,+2.14764934E+00,-35.70384E-03
-13.40000E-03,+2.13396847E+00,-36.32255E-03
-13.37500E-03,+2.12378010E+00,-36.77293E-03
-13.35000E-03,+2.11429520E+00,-37.43436E-03
-13.32500E-03,+2.10785040E+00,-37.80308E-03
-13.30000E-03,+2.09891825E+00,-38.44693E-03
-13.27500E-03,+2.08738558E+00,-38.79240E-03
-13.25000E-03,+2.07465944E+00,-39.44881E-03
-13.22500E-03,+2.05831516E+00,-39.93688E-03
-13.20000E-03,+2.04364192E+00,-40.53172E-03
-13.17500E-03,+2.03688302E+00,-40.99718E-03
-13.15000E-03,+2.02856651E+00,-41.45949E-03
-13.12500E-03,+2.01818964E+00,-42.04617E-03
-13.10000E-03,+2.00722222E+00,-42.21137E-03
-13.07500E-03,+1.99268703E+00,-42.91363E-03
-13.05000E-03,+1.97537546E+00,-43.46829E-03
-13.02500E-03,+1.96207147E+00,-44.07380E-03
-13.00000E-03,+1.95286295E+00,-44.55245E-03
-12.97500E-03,+1.94371729E+00,-44.97457E-03
-12.95000E-03,+1.93380515E+00,-45.42306E-03
-12.92500E-03,+1.91909405E+00,-45.88097E-03
-12.90000E-03,+1.90138057E+00,-46.41552E-03
-12.87500E-03,+1.88634283E+00,-46.87656E-03
-12.85000E-03,+1.87643075E+00,-47.39417E-03
-12.82500E-03,+1.86801378E+00,-47.82883E-03
-12.80000E-03,+1.86072729E+00,-48.44944E-03
-12.77500E-03,+1.84722224E+00,-48.70321E-03
-12.75000E-03,+1.82962171E+00,-48.96200E-03
-12.72500E-03,+1.81197094E+00,-49.47457E-03
-12.70000E-03,+1.79906902E+00,-49.90798E-03
-12.67500E-03,+1.78950877E+00,-50.32946E-03
-12.65000E-03,+1.78204644E+00,-50.87531E-03
-12.62500E-03,+1.76856641E+00,-51.43687E-03
-12.60000E-03,+1.75072723E+00,-51.90045E-03
-12.57500E-03,+1.73177006E+00,-52.16364E-03
-12.55000E-03,+1.71903128E+00,-52.74090E-03
-12.52500E-03,+1.71135545E+00,-53.31124E-03
-12.50000E-03,+1.70223481E+00,-53.52544E-03
-12.47500E-03,+1.68854129E+00,-54.02607E-03
-12.45000E-03,+1.67234786E+00,-54.22394E-03
-12.42500E-03,+1.65280004E+00,-54.75346E-03
-12.40000E-03,+1.63532522E+00,-55.12971E-03
-12.37500E-03,+1.62641826E+00,-55.52921E-03
-12.35000E-03,+1.61557639E+00,-56.02293E-03
-12.32500E-03,+1.59267443E+00,-56.48273E-03
-12.30000E-03,+1.57141817E+00,-56.94190E-03
-12.27500E-03,+1.55739812E+00,-57.32883E-03
-12.25000E-03,+1.54231026E+00,-57.73398E-03
-12.22500E-03,+1.52948345E+00,-58.08637E-03
-12.20000E-03,+1.50876733E+00,-58.16929E-03
-12.17500E-03,+1.49066439E+00,-58.45634E-03
-12.15000E-03,+1.47555148E+00,-58.91299E-03
-12.12500E-03,+1.46473484E+00,-59.41112E-03
-12.10000E-03,+1.44981016E+00,-59.88160E-03
-12.07500E-03,+1.43029996E+00,-60.33010E-03
-12.05000E-03,+1.40954631E+00,-60.70824E-03
-12.02500E-03,+1.39516198E+00,-60.91049E-03
-12.00000E-03,+1.38288807E+00,-61.30182E-03
-11.97500E-03,+1.37017459E+00,-61.79178E-03
-11.95000E-03,+1.34788805E+00,-61.91112E-03
-11.92500E-03,+1.32834030E+00,-62.26602E-03
-11.90000E-03,+1.31349108E+00,-62.76852E-03
-11.87500E-03,+1.30022479E+00,-63.10459E-03
-11.85000E-03,+1.28192067E+00,-63.40799E-03
-11.82500E-03,+1.26057644E+00,-63.60333E-03
-11.80000E-03,+1.23893081E+00,-64.07381E-03
-11.77500E-03,+1.22685793E+00,-64.35647E-03
-11.75000E-03,+1.21442078E+00,-64.87908E-03
-11.72500E-03,+1.19514934E+00,-65.22267E-03
-11.70000E-03,+1.17460911E+00,-65.47645E-03
-11.67500E-03,+1.15621716E+00,-65.78927E-03
-11.65000E-03,+1.14582777E+00,-66.01664E-03
-11.62500E-03,+1.13602876E+00,-66.37092E-03
-11.60000E-03,+1.11624224E+00,-66.70006E-03
-11.57500E-03,+1.09306385E+00,-67.01288E-03
-11.55000E-03,+1.07444582E+00,-67.58323E-03
-11.52500E-03,+1.06416948E+00,-67.37845E-03
-11.50000E-03,+1.05248609E+00,-67.77168E-03
-11.47500E-03,+1.02916942E+00,-67.76476E-03
-11.45000E-03,+1.00802625E+00,-68.19818E-03
-11.42500E-03,+990.76495E-03,-68.50156E-03
-11.40000E-03,+978.11421E-03,-68.64101E-03
-11.37500E-03,+959.45838E-03,-69.13788E-03
-11.35000E-03,+934.37041E-03,-69.19820E-03
-11.32500E-03,+911.19203E-03,-69.60584E-03
-11.30000E-03,+895.17436E-03,-69.69064E-03
-11.27500E-03,+871.50607E-03,-69.86966E-03
-11.25000E-03,+847.02114E-03,-70.13976E-03
-11.22500E-03,+828.83026E-03,-70.25220E-03
-11.20000E-03,+814.50864E-03,-70.59579E-03
-11.17500E-03,+793.89312E-03,-70.76099E-03
-11.15000E-03,+770.55131E-03,-71.11589E-03
-11.12500E-03,+751.04131E-03,-71.40233E-03
-11.10000E-03,+739.19463E-03,-71.43059E-03
-11.07500E-03,+723.25233E-03,-71.50847E-03
-11.05000E-03,+702.57400E-03,-71.78173E-03
-11.02500E-03,+680.02373E-03,-71.94630E-03
-11.00000E-03,+667.43585E-03,-72.15609E-03
-10.97500E-03,+654.62169E-03,-72.30559E-03
-10.95000E-03,+634.99846E-03,-72.58012E-03
-10.92500E-03,+606.26739E-03,-72.81878E-03
-10.90000E-03,+587.15938E-03,-73.14416E-03
-10.87500E-03,+572.33530E-03,-73.01978E-03
-10.85000E-03,+549.42059E-03,-73.07005E-03
-10.82500E-03,+524.32017E-03,-73.28927E-03
-10.80000E-03,+507.28511E-03,-73.54428E-03
-10.77500E-03,+495.75235E-03,-73.57066E-03
-10.75000E-03,+476.48098E-03,-73.87406E-03
-10.72500E-03,+453.06380E-03,-73.90108E-03
-10.70000E-03,+432.69958E-03,-74.03989E-03
-10.67500E-03,+418.79255E-03,-74.53297E-03
-10.65000E-03,+401.93313E-03,-74.54240E-03
-10.62500E-03,+374.97343E-03,-74.70949E-03
-10.60000E-03,+354.60928E-03,-74.83323E-03
-10.57500E-03,+341.43079E-03,-74.80936E-03
-10.55000E-03,+326.50610E-03,-74.87215E-03
-10.52500E-03,+302.81263E-03,-75.02483E-03
-10.50000E-03,+278.61667E-03,-75.26538E-03
-10.47500E-03,+264.21967E-03,-75.33071E-03
-10.45000E-03,+247.41072E-03,-75.35898E-03
-10.42500E-03,+221.83258E-03,-75.27794E-03
-10.40000E-03,+199.20707E-03,-75.34579E-03
-10.37500E-03,+182.25989E-03,-75.56690E-03
-10.35000E-03,+169.11928E-03,-75.60648E-03
-10.32500E-03,+148.16427E-03,-75.61967E-03
-10.30000E-03,+123.54125E-03,-75.63976E-03
-10.27500E-03,+107.33524E-03,-75.83135E-03
-10.25000E-03,+90.73978E-03,-75.83071E-03
-10.22500E-03,+72.79999E-03,-75.75283E-03
-10.20000E-03,+51.41817E-03,-75.81375E-03
-10.17500E-03,+32.66188E-03,-75.99906E-03
-10.15000E-03,+18.37797E-03,-76.03738E-03
-10.12500E-03,+3.17695E-03,-76.04743E-03
-10.10000E-03,-21.45873E-03,-76.03738E-03
-10.07500E-03,-44.52405E-03,-75.51475E-03
-10.05000E-03,-59.96371E-03,-75.23775E-03
-10.02500E-03,-78.50649E-03,-75.08574E-03
-10.00000E-03,-104.92606E-03,-75.24339E-03
-9.97500E-03,-126.98631E-03,-75.28424E-03
-9.95000E-03,-140.57931E-03,-75.41614E-03
-9.92500E-03,-153.01640E-03,-75.63788E-03
-9.90000E-03,-176.42113E-03,-75.57004E-03
-9.87500E-03,-201.91108E-03,-75.77418E-03
-9.85000E-03,-218.19240E-03,-75.74090E-03
-9.82500E-03,-232.77782E-03,-75.63284E-03
-9.80000E-03,-257.55172E-03,-75.70948E-03
-9.77500E-03,-282.57685E-03,-75.73650E-03
-9.75000E-03,-299.77531E-03,-75.72078E-03
-9.72500E-03,-314.67481E-03,-75.60774E-03
-9.70000E-03,-337.86582E-03,-75.60271E-03
-9.67500E-03,-363.58187E-03,-75.80684E-03
-9.65000E-03,-380.07672E-03,-75.74404E-03
-9.62500E-03,-395.31557E-03,-75.56690E-03
-9.60000E-03,-419.76287E-03,-75.60270E-03
-9.57500E-03,-445.52908E-03,-75.37029E-03
-9.55000E-03,-459.80044E-03,-75.01916E-03
-9.52500E-03,-474.07179E-03,-75.39605E-03
-9.50000E-03,-494.49895E-03,-75.18372E-03
-9.47500E-03,-518.83311E-03,-74.95949E-03
-9.45000E-03,-537.50136E-03,-75.06752E-03
-9.42500E-03,-550.12701E-03,-74.78487E-03
-9.40000E-03,-568.95887E-03,-74.73836E-03
-9.37500E-03,-595.18991E-03,-74.37972E-03
-9.35000E-03,-614.37325E-03,-74.62782E-03
-9.32500E-03,-628.24267E-03,-74.30622E-03
-9.30000E-03,-643.20500E-03,-74.32945E-03
-9.27500E-03,-671.29536E-03,-74.26727E-03
-9.25000E-03,-691.35823E-03,-73.86464E-03
-9.22500E-03,-704.98887E-03,-73.46138E-03
-9.20000E-03,-719.90094E-03,-73.51350E-03
-9.17500E-03,-746.16991E-03,-73.53800E-03
-9.15000E-03,-767.99144E-03,-73.31438E-03
-9.12500E-03,-782.06167E-03,-73.28989E-03
-9.10000E-03,-796.23256E-03,-73.13286E-03
-9.07500E-03,-818.25536E-03,-72.99654E-03
-9.05000E-03,-843.40603E-03,-72.78487E-03
-9.02500E-03,-859.52403E-03,-72.76288E-03
-9.00000E-03,-869.05922E-03,-72.58008E-03
-8.97500E-03,-884.93873E-03,-72.39416E-03
-8.95000E-03,-910.96887E-03,-72.23210E-03
-8.92500E-03,-932.16225E-03,-72.03423E-03
-8.90000E-03,-945.83057E-03,-71.84454E-03
-8.87500E-03,-960.70496E-03,-71.53423E-03
-8.85000E-03,-985.00148E-03,-71.50848E-03
-8.82500E-03,-1.00903411E+00,-71.10835E-03
-8.80000E-03,-1.02331799E+00,-70.84892E-03
-8.77500E-03,-1.03615726E+00,-70.66425E-03
-8.75000E-03,-1.06095622E+00,-70.34391E-03
-8.72500E-03,-1.08296622E+00,-70.26602E-03
-8.70000E-03,-1.10016472E+00,-70.08574E-03
-8.67500E-03,-1.10760176E+00,-69.76162E-03
-8.65000E-03,-1.12010190E+00,-69.45634E-03
-8.62500E-03,-1.13915979E+00,-69.26351E-03
-8.60000E-03,-1.16291602E+00,-69.22141E-03
-8.57500E-03,-1.17878274E+00,-68.83700E-03
-8.55000E-03,-1.19464973E+00,-68.60270E-03
-8.52500E-03,-1.21449902E+00,-68.28297E-03
-8.50000E-03,-1.23683567E+00,-68.02606E-03
-8.47500E-03,-1.25580539E+00,-67.65421E-03
-8.45000E-03,-1.26836814E+00,-67.54427E-03
-8.42500E-03,-1.28289091E+00,-67.31438E-03
-8.40000E-03,-1.30300399E+00,-67.03989E-03
-8.37500E-03,-1.32766478E+00,-66.54992E-03
-8.35000E-03,-1.34098133E+00,-66.37092E-03
-8.32500E-03,-1.35393344E+00,-65.92431E-03
-8.30000E-03,-1.36951145E+00,-65.58197E-03
-8.27500E-03,-1.39174772E+00,-65.52104E-03
-8.25000E-03,-1.41020244E+00,-65.04553E-03
-8.22500E-03,-1.42422236E+00,-64.76476E-03
-8.20000E-03,-1.43648386E+00,-64.67243E-03
-8.17500E-03,-1.45419747E+00,-64.11211E-03
-8.15000E-03,-1.47712452E+00,-63.68310E-03
-8.12500E-03,-1.49500144E+00,-63.35584E-03
-8.10000E-03,-1.50864466E+00,-63.08196E-03
-8.07500E-03,-1.52040346E+00,-62.75156E-03
-8.05000E-03,-1.54270249E+00,-62.45822E-03
-8.02500E-03,-1.56390847E+00,-62.16863E-03
-8.00000E-03,-1.57936064E+00,-61.76665E-03
-7.97500E-03,-1.58681039E+00,-61.49842E-03
-7.95000E-03,-1.59712445E+00,-61.20448E-03
-7.92500E-03,-1.61630800E+00,-60.78423E-03
-7.90000E-03,-1.63590601E+00,-60.26977E-03
-7.87500E-03,-1.65404668E+00,-59.89792E-03
-7.85000E-03,-1.66702389E+00,-59.50910E-03
-7.82500E-03,-1.68050386E+00,-59.19377E-03
-7.80000E-03,-1.69652156E+00,-58.76790E-03
-7.77500E-03,-1.71898386E+00,-58.41425E-03
-7.75000E-03,-1.73652154E+00,-58.04491E-03
-7.72500E-03,-1.74527765E+00,-57.55433E-03
-7.70000E-03,-1.75369478E+00,-57.29804E-03
-7.67500E-03,-1.76383300E+00,-56.88284E-03
-7.65000E-03,-1.78086834E+00,-56.24591E-03
-7.62500E-03,-1.79977535E+00,-55.92493E-03
-7.60000E-03,-1.81550384E+00,-55.44818E-03
-7.57500E-03,-1.82630785E+00,-54.86525E-03
-7.55000E-03,-1.83575505E+00,-54.71136E-03
-7.52500E-03,-1.84688586E+00,-54.18812E-03
-7.50000E-03,-1.86246382E+00,-53.90232E-03
-7.47500E-03,-1.88233815E+00,-53.48586E-03
-7.45000E-03,-1.89639575E+00,-53.03929E-03
-7.42500E-03,-1.90613192E+00,-52.82756E-03
-7.40000E-03,-1.91565452E+00,-52.18687E-03
-7.37500E-03,-1.92339347E+00,-51.86086E-03
-7.35000E-03,-1.94178535E+00,-51.18499E-03
-7.32500E-03,-1.95804163E+00,-50.82820E-03
-7.30000E-03,-1.97241349E+00,-50.30056E-03
-7.27500E-03,-1.98409689E+00,-49.93561E-03
-7.25000E-03,-1.99123239E+00,-49.35145E-03
-7.22500E-03,-1.99746377E+00,-49.01224E-03
-7.20000E-03,-2.01196103E+00,-48.59264E-03
-7.17500E-03,-2.02590603E+00,-48.10583E-03
-7.15000E-03,-2.04098134E+00,-47.85270E-03
-7.12500E-03,-2.05593102E+00,-47.25347E-03
-7.10000E-03,-2.06547876E+00,-46.74967E-03
-7.07500E-03,-2.07521487E+00,-46.20760E-03
-7.05000E-03,-2.08429787E+00,-45.82254E-03
-7.02500E-03,-2.09845622E+00,-45.19691E-03
-7.00000E-03,-2.11227528E+00,-44.82255E-03
-6.97500E-03,-2.12488822E+00,-44.35960E-03
-6.95000E-03,-2.13969992E+00,-43.72895E-03
-6.92500E-03,-2.14731283E+00,-43.27920E-03
-6.90000E-03,-2.15505162E+00,-42.89289E-03
-6.87500E-03,-2.16742595E+00,-42.40734E-03
-6.85000E-03,-2.18153408E+00,-41.83573E-03
-6.82500E-03,-2.19889592E+00,-41.45822E-03
-6.80000E-03,-2.20992608E+00,-40.88850E-03
-6.77500E-03,-2.21905923E+00,-40.29491E-03
-6.75000E-03,-2.22716205E+00,-39.88537E-03
-6.72500E-03,-2.23213692E+00,-39.38598E-03
-6.70000E-03,-2.23712447E+00,-38.73334E-03
-6.67500E-03,-2.24281540E+00,-38.04678E-03
-6.65000E-03,-2.25417237E+00,-37.67557E-03
-6.62500E-03,-2.26497630E+00,-36.99906E-03
-6.60000E-03,-2.27821730E+00,-36.47267E-03
-6.57500E-03,-2.28962436E+00,-36.00157E-03
-6.55000E-03,-2.29773994E+00,-35.46325E-03
-6.52500E-03,-2.30541596E+00,-35.01727E-03
-6.50000E-03,-2.31076769E+00,-34.48021E-03
-6.47500E-03,-2.31698623E+00,-34.03173E-03
-6.45000E-03,-2.32315454E+00,-33.63724E-03
-6.42500E-03,-2.33431032E+00,-33.03863E-03
-6.40000E-03,-2.34409688E+00,-32.59767E-03
-6.37500E-03,-2.35442346E+00,-32.06815E-03
-6.35000E-03,-2.36412186E+00,-31.41300E-03
-6.32500E-03,-2.37496369E+00,-30.91991E-03
-6.30000E-03,-2.38297863E+00,-30.38536E-03
-6.27500E-03,-2.38610687E+00,-29.74842E-03
-6.25000E-03,-2.39135810E+00,-29.23209E-03
-6.22500E-03,-2.39698634E+00,-28.63661E-03
-6.20000E-03,-2.40257667E+00,-27.99087E-03
-6.17500E-03,-2.40711190E+00,-27.28799E-03
-6.15000E-03,-2.41513945E+00,-26.87279E-03
-6.12500E-03,-2.42578024E+00,-26.16363E-03
-6.10000E-03,-2.43363210E+00,-25.60897E-03
-6.07500E-03,-2.44284056E+00,-25.12656E-03
-6.05000E-03,-2.45238825E+00,-24.57883E-03
-6.02500E-03,-2.45663460E+00,-23.93874E-03
-6.00000E-03,-2.46070492E+00,-23.39039E-03
-5.97500E-03,-2.46359419E+00,-22.86840E-03
-5.95000E-03,-2.46833039E+00,-22.32820E-03
-5.92500E-03,-2.46861932E+00,-21.76476E-03
-5.90000E-03,-2.47333038E+00,-21.34830E-03
-5.87500E-03,-2.47351883E+00,-20.69252E-03
-5.85000E-03,-2.47817964E+00,-19.95759E-03
-5.82500E-03,-2.47884548E+00,-19.61902E-03
-5.80000E-03,-2.48231286E+00,-18.95319E-03
-5.77500E-03,-2.48382018E+00,-18.32192E-03
-5.75000E-03,-2.49072999E+00,-17.72141E-03
-5.72500E-03,-2.49268969E+00,-17.10269E-03
-5.70000E-03,-2.49954898E+00,-16.38975E-03
-5.67500E-03,-2.50399623E+00,-15.89164E-03
-5.65000E-03,-2.50866953E+00,-15.45444E-03
-5.62500E-03,-2.51133296E+00,-14.92618E-03
-5.60000E-03,-2.51521486E+00,-14.17682E-03
-5.57500E-03,-2.52065451E+00,-13.85583E-03
-5.55000E-03,-2.52535309E+00,-13.27103E-03
-5.52500E-03,-2.53154647E+00,-12.65232E-03
-5.50000E-03,-2.53369471E+00,-11.94882E-03
-5.47500E-03,-2.53405915E+00,-11.41676E-03
-5.45000E-03,-2.53865701E+00,-10.87405E-03
-5.42500E-03,-2.53888315E+00,-10.39855E-03
-5.40000E-03,-2.54273992E+00,-9.88284E-03
-5.37500E-03,-2.54387056E+00,-9.25407E-03
-5.35000E-03,-2.54399620E+00,-8.70508E-03
-5.32500E-03,-2.54758906E+00,-8.21764E-03
-5.30000E-03,-2.54776505E+00,-7.52354E-03
-5.27500E-03,-2.54855654E+00,-6.94818E-03
-5.25000E-03,-2.54845603E+00,-6.51223E-03
-5.22500E-03,-2.55027761E+00,-5.87091E-03
-5.20000E-03,-2.55027761E+00,-5.16049E-03
-5.17500E-03,-2.55248854E+00,-4.58512E-03
-5.15000E-03,-2.55282782E+00,-4.03987E-03
-5.12500E-03,-2.55291585E+00,-3.46262E-03
-5.10000E-03,-2.55172218E+00,-2.98147E-03
-5.07500E-03,-2.55373238E+00,-2.47581E-03
-5.05000E-03,-2.55310424E+00,-1.77670E-03
-5.02500E-03,-2.55363185E+00,-1.11526E-03
-5.00000E-03,-2.55373235E+00,-714.49E-06
-4.97500E-03,-2.55184796E+00,-40.51E-06
-4.95000E-03,-2.55270230E+00,+508.49E-06
-4.92500E-03,-2.54977502E+00,+973.93E-06
-4.90000E-03,-2.54902133E+00,+1.48902E-03
-4.87500E-03,-2.54895850E+00,+2.33513E-03
-4.85000E-03,-2.54868210E+00,+2.76037E-03
-4.82500E-03,-2.54757668E+00,+3.49469E-03
-4.80000E-03,-2.54443582E+00,+4.21138E-03
-4.77500E-03,-2.54346852E+00,+4.50221E-03
-4.75000E-03,-2.54305399E+00,+5.10208E-03
-4.72500E-03,-2.54090589E+00,+5.71389E-03
-4.70000E-03,-2.53802887E+00,+6.16491E-03
-4.67500E-03,-2.53262670E+00,+6.89291E-03
-4.65000E-03,-2.53271492E+00,+7.40794E-03
-4.62500E-03,-2.52873237E+00,+8.09204E-03
-4.60000E-03,-2.52368218E+00,+8.67557E-03
-4.57500E-03,-2.52044093E+00,+9.29743E-03
-4.55000E-03,-2.51550365E+00,+9.88474E-03
-4.52500E-03,-2.51064201E+00,+10.40358E-03
-4.50000E-03,-2.50756396E+00,+10.92808E-03
-4.47500E-03,-2.50379520E+00,+11.69505E-03
-4.45000E-03,-2.49610674E+00,+12.14667E-03
-4.42500E-03,-2.49242569E+00,+12.68562E-03
-4.40000E-03,-2.48629533E+00,+13.13664E-03
-4.37500E-03,-2.48369466E+00,+13.79555E-03
-4.35000E-03,-2.48155910E+00,+14.45635E-03
-4.32500E-03,-2.47835550E+00,+14.89355E-03
-4.30000E-03,-2.47424740E+00,+15.67494E-03
-4.27500E-03,-2.47333038E+00,+15.95825E-03
-4.25000E-03,-2.47188544E+00,+16.55310E-03
-4.22500E-03,-2.46828009E+00,+17.35900E-03
-4.20000E-03,-2.46390826E+00,+18.00034E-03
-4.17500E-03,-2.46328012E+00,+18.39164E-03
-4.15000E-03,-2.45604380E+00,+19.01099E-03
-4.12500E-03,-2.44939817E+00,+19.44881E-03
-4.10000E-03,-2.44194834E+00,+20.24906E-03
-4.07500E-03,-2.43316688E+00,+20.80811E-03
-4.05000E-03,-2.42294082E+00,+21.19692E-03
-4.02500E-03,-2.41491329E+00,+21.91678E-03
-4.00000E-03,-2.40762683E+00,+22.25975E-03
-3.97500E-03,-2.39914688E+00,+22.97895E-03
-3.95000E-03,-2.39346855E+00,+23.49592E-03
-3.92500E-03,-2.39181006E+00,+23.79682E-03
-3.90000E-03,-2.38730019E+00,+24.49405E-03
-3.87500E-03,-2.37923470E+00,+24.90737E-03
-3.85000E-03,-2.36992559E+00,+25.33261E-03
-3.82500E-03,-2.36094331E+00,+26.09580E-03
-3.80000E-03,-2.35111906E+00,+26.76539E-03
-3.77500E-03,-2.34081762E+00,+27.23023E-03
-3.75000E-03,-2.33168457E+00,+27.85020E-03
-3.72500E-03,-2.32163440E+00,+28.37721E-03
-3.70000E-03,-2.31490060E+00,+28.85458E-03
-3.67500E-03,-2.30825492E+00,+29.40421E-03
-3.65000E-03,-2.30385785E+00,+30.02796E-03
-3.62500E-03,-2.29562922E+00,+30.51665E-03
-3.60000E-03,-2.28669711E+00,+31.19692E-03
-3.57500E-03,-2.27616954E+00,+31.66614E-03
-3.55000E-03,-2.26006393E+00,+32.28048E-03
-3.52500E-03,-2.24952368E+00,+32.54933E-03
-3.50000E-03,-2.24041566E+00,+33.14229E-03
-3.47500E-03,-2.23385798E+00,+33.69252E-03
-3.45000E-03,-2.22856900E+00,+33.92180E-03
-3.42500E-03,-2.22268947E+00,+34.50722E-03
-3.40000E-03,-2.21633284E+00,+34.89856E-03
-3.37500E-03,-2.20549105E+00,+35.60773E-03
-3.35000E-03,-2.19101879E+00,+36.06816E-03
-3.32500E-03,-2.17604391E+00,+36.64229E-03
-3.30000E-03,-2.16167190E+00,+37.04932E-03
-3.27500E-03,-2.15189798E+00,+38.00474E-03
-3.25000E-03,-2.14280252E+00,+38.36527E-03
-3.22500E-03,-2.13423470E+00,+38.82822E-03
-3.20000E-03,-2.12257644E+00,+39.54242E-03
-3.17500E-03,-2.10498842E+00,+39.87658E-03
-3.15000E-03,-2.09008894E+00,+40.53047E-03
-3.12500E-03,-2.07822978E+00,+40.83701E-03
-3.10000E-03,-2.07026499E+00,+41.51603E-03
-3.07500E-03,-2.06177251E+00,+42.02733E-03
-3.05000E-03,-2.04991316E+00,+42.29679E-03
-3.02500E-03,-2.03436031E+00,+42.95258E-03
-3.00000E-03,-2.01805378E+00,+43.39355E-03
-2.97500E-03,-2.00184788E+00,+43.95070E-03
-2.95000E-03,-1.99282771E+00,+44.35710E-03
-2.92500E-03,-1.98642073E+00,+45.02292E-03
-2.90000E-03,-1.97936045E+00,+45.54680E-03
-2.87500E-03,-1.96491309E+00,+46.09769E-03
-2.85000E-03,-1.94589296E+00,+46.67494E-03
-2.82500E-03,-1.93439801E+00,+47.11653E-03
-2.80000E-03,-1.91883279E+00,+47.37658E-03
-2.77500E-03,-1.91011425E+00,+47.91238E-03
-2.75000E-03,-1.90222461E+00,+48.35585E-03
-2.72500E-03,-1.88997594E+00,+48.67431E-03
-2.70000E-03,-1.87330498E+00,+49.22709E-03
-2.67500E-03,-1.85459893E+00,+49.65106E-03
-2.65000E-03,-1.83972460E+00,+50.16300E-03
-2.62500E-03,-1.82961175E+00,+50.70510E-03
-2.60000E-03,-1.82074234E+00,+51.09390E-03
-2.57500E-03,-1.80817949E+00,+51.61214E-03
-2.55000E-03,-1.78807892E+00,+51.97769E-03
-2.52500E-03,-1.77099346E+00,+52.70697E-03
-2.50000E-03,-1.75505144E+00,+52.81879E-03
-2.47500E-03,-1.74961182E+00,+53.11276E-03
-2.45000E-03,-1.73933536E+00,+53.35333E-03
-2.42500E-03,-1.72621957E+00,+53.96640E-03
-2.40000E-03,-1.70687284E+00,+54.31187E-03
-2.37500E-03,-1.68482531E+00,+54.61842E-03
-2.35000E-03,-1.67320449E+00,+55.28675E-03
-2.32500E-03,-1.66006382E+00,+55.65170E-03
-2.30000E-03,-1.64539063E+00,+56.02733E-03
-2.27500E-03,-1.62535272E+00,+56.44757E-03
-2.25000E-03,-1.60637030E+00,+56.98649E-03
-2.22500E-03,-1.59315447E+00,+57.35083E-03
-2.20000E-03,-1.58292815E+00,+57.55937E-03
-2.17500E-03,-1.57118202E+00,+57.90357E-03
-2.15000E-03,-1.55085523E+00,+58.47518E-03
-2.12500E-03,-1.52772696E+00,+58.68248E-03
-2.10000E-03,-1.51290325E+00,+59.18626E-03
-2.07500E-03,-1.50214934E+00,+59.54366E-03
-2.05000E-03,-1.48626982E+00,+59.96262E-03
-2.02500E-03,-1.46624476E+00,+60.44065E-03
-2.00000E-03,-1.44336784E+00,+60.69254E-03
-1.97500E-03,-1.42957387E+00,+61.02420E-03
-1.95000E-03,-1.41639552E+00,+61.29492E-03
-1.92500E-03,-1.39941038E+00,+61.56752E-03
-1.90000E-03,-1.37963644E+00,+61.92682E-03
-1.87500E-03,-1.36120702E+00,+62.22519E-03
-1.85000E-03,-1.34717457E+00,+62.61024E-03
-1.82500E-03,-1.33446083E+00,+63.06126E-03
-1.80000E-03,-1.31702369E+00,+63.42619E-03
-1.77500E-03,-1.29018938E+00,+63.83072E-03
-1.75000E-03,-1.27471208E+00,+63.99968E-03
-1.72500E-03,-1.26223737E+00,+64.10208E-03
-1.70000E-03,-1.25076752E+00,+64.43814E-03
-1.67500E-03,-1.22670948E+00,+64.78862E-03
-1.65000E-03,-1.20243812E+00,+65.05873E-03
-1.62500E-03,-1.18476233E+00,+65.43813E-03
-1.60000E-03,-1.17199862E+00,+65.90925E-03
-1.57500E-03,-1.15315418E+00,+66.20508E-03
-1.55000E-03,-1.12804108E+00,+66.15734E-03
-1.52500E-03,-1.11221221E+00,+66.57569E-03
-1.50000E-03,-1.10322963E+00,+66.88912E-03
-1.47500E-03,-1.09091806E+00,+67.21955E-03
-1.45000E-03,-1.06831734E+00,+67.58511E-03
-1.42500E-03,-1.04511409E+00,+67.48085E-03
-1.40000E-03,-1.03020221E+00,+67.90672E-03
-1.37500E-03,-1.01635776E+00,+68.23336E-03
-1.35000E-03,-996.40795E-03,+68.40358E-03
-1.32500E-03,-969.23449E-03,+68.79680E-03
-1.30000E-03,-950.27726E-03,+68.87218E-03
-1.27500E-03,-939.28489E-03,+69.21136E-03
-1.25000E-03,-920.88013E-03,+69.40169E-03
-1.22500E-03,-893.98327E-03,+69.43059E-03
-1.20000E-03,-872.95314E-03,+69.75346E-03
-1.17500E-03,-862.37536E-03,+69.92556E-03
-1.15000E-03,-852.40049E-03,+70.25094E-03
-1.12500E-03,-830.05120E-03,+70.58260E-03
-1.10000E-03,-805.36520E-03,+70.51164E-03
-1.07500E-03,-789.28517E-03,+70.97833E-03
-1.05000E-03,-775.61653E-03,+71.24719E-03
-1.02500E-03,-755.51601E-03,+71.54617E-03
-1.00000E-03,-729.79967E-03,+71.42746E-03
-975.00E-06,-710.96833E-03,+71.64353E-03
-950.00E-06,-698.50603E-03,+71.85963E-03
-925.00E-06,-680.90533E-03,+71.91802E-03
-900.00E-06,-655.94288E-03,+72.29870E-03
-875.00E-06,-631.80994E-03,+72.24092E-03
-850.00E-06,-621.52109E-03,+72.32696E-03
-825.00E-06,-607.32515E-03,+72.33197E-03
-800.00E-06,-581.88515E-03,+72.42056E-03
-775.00E-06,-558.29246E-03,+72.88978E-03
-750.00E-06,-543.43079E-03,+72.92557E-03
-725.00E-06,-529.78738E-03,+73.15985E-03
-700.00E-06,-507.27458E-03,+73.35583E-03
-675.00E-06,-481.14417E-03,+73.34015E-03
-650.00E-06,-466.97335E-03,+73.37469E-03
-625.00E-06,-456.99842E-03,+73.70446E-03
-600.00E-06,-435.17672E-03,+73.57756E-03
-575.00E-06,-406.97322E-03,+73.93059E-03
-550.00E-06,-384.66175E-03,+74.05810E-03
-525.00E-06,-373.36765E-03,+74.15295E-03
-500.00E-06,-350.59144E-03,+74.07194E-03
-475.00E-06,-325.67911E-03,+74.06189E-03
-450.00E-06,-307.02379E-03,+74.30746E-03
-425.00E-06,-292.50110E-03,+74.51665E-03
-400.00E-06,-272.22445E-03,+74.61026E-03
-375.00E-06,-243.30487E-03,+74.58701E-03
-350.00E-06,-225.26477E-03,+74.65483E-03
-325.00E-06,-210.99341E-03,+74.64102E-03
-300.00E-06,-190.22700E-03,+74.73334E-03
-275.00E-06,-162.66427E-03,+74.84078E-03
-250.00E-06,-146.06909E-03,+74.91992E-03
-225.00E-06,-135.18958E-03,+74.94380E-03
-200.00E-06,-117.71432E-03,+74.94755E-03
-175.00E-06,-92.04851E-03,+75.12844E-03
-150.00E-06,-69.03357E-03,+75.04806E-03
-125.00E-06,-53.60663E-03,+75.01726E-03
-100.00E-06,-34.81251E-03,+75.13849E-03
-75.00E-06,-10.50342E-03,+74.78109E-03
-50.00E-06,+11.10460E-03,+74.40984E-03
-25.00E-06,+25.03653E-03,+74.30684E-03
+0.0E+00,+39.86086E-03,+74.22269E-03
+25.00E-06,+60.41363E-03,+74.29051E-03
+50.00E-06,+83.47895E-03,+74.57255E-03
+75.00E-06,+98.65472E-03,+74.64730E-03
+100.00E-06,+116.73272E-03,+74.91990E-03
+125.00E-06,+136.46894E-03,+75.02671E-03
+150.00E-06,+160.67746E-03,+74.98397E-03
+175.00E-06,+179.09449E-03,+74.99780E-03
+200.00E-06,+189.65990E-03,+74.99530E-03
+225.00E-06,+210.28806E-03,+74.99403E-03
+250.00E-06,+235.90371E-03,+75.11776E-03
+275.00E-06,+257.07190E-03,+75.05057E-03
+300.00E-06,+271.21749E-03,+75.12404E-03
+325.00E-06,+290.37596E-03,+74.88286E-03
+350.00E-06,+316.51910E-03,+74.72016E-03
+375.00E-06,+335.84053E-03,+74.68122E-03
+400.00E-06,+346.80784E-03,+74.55621E-03
+425.00E-06,+363.59204E-03,+74.60080E-03
+450.00E-06,+387.90110E-03,+74.58825E-03
+475.00E-06,+411.54424E-03,+74.48208E-03
+500.00E-06,+426.60684E-03,+74.52106E-03
+525.00E-06,+441.06699E-03,+74.39981E-03
+550.00E-06,+466.64508E-03,+74.10018E-03
+575.00E-06,+488.91863E-03,+74.00158E-03
+600.00E-06,+502.37319E-03,+73.90671E-03
+625.00E-06,+516.30549E-03,+73.89290E-03
+650.00E-06,+537.86348E-03,+73.73021E-03
+675.00E-06,+563.86824E-03,+73.57820E-03
+700.00E-06,+582.12191E-03,+73.58511E-03
+725.00E-06,+595.35075E-03,+73.12970E-03
+750.00E-06,+619.50934E-03,+72.90045E-03
+775.00E-06,+646.50655E-03,+72.70132E-03
+800.00E-06,+661.82062E-03,+72.51349E-03
+825.00E-06,+672.67470E-03,+72.54995E-03
+850.00E-06,+691.09204E-03,+72.38411E-03
+875.00E-06,+715.17498E-03,+72.21262E-03
+900.00E-06,+734.53423E-03,+72.06061E-03
+925.00E-06,+748.40326E-03,+72.06688E-03
+950.00E-06,+760.85335E-03,+71.65357E-03
+975.00E-06,+782.85086E-03,+71.40295E-03
+1.00000E-03,+806.69504E-03,+71.27982E-03
+1.02500E-03,+823.62955E-03,+71.12594E-03
+1.05000E-03,+839.32066E-03,+71.03486E-03
+1.07500E-03,+860.17510E-03,+70.83072E-03
+1.10000E-03,+885.38860E-03,+70.77292E-03
+1.12500E-03,+904.43373E-03,+70.60772E-03
+1.15000E-03,+922.47393E-03,+70.19063E-03
+1.17500E-03,+945.66499E-03,+70.07003E-03
+1.20000E-03,+970.69005E-03,+69.78988E-03
+1.22500E-03,+985.18742E-03,+69.61336E-03
+1.25000E-03,+998.40350E-03,+69.29179E-03
+1.27500E-03,+1.01846672E+00,+69.33386E-03
+1.30000E-03,+1.04183333E+00,+68.93561E-03
+1.32500E-03,+1.05965958E+00,+68.73083E-03
+1.35000E-03,+1.06972241E+00,+68.71200E-03
+1.37500E-03,+1.08584069E+00,+68.34328E-03
+1.40000E-03,+1.10423289E+00,+68.03297E-03
+1.42500E-03,+1.12856684E+00,+67.97708E-03
+1.45000E-03,+1.14352917E+00,+67.42869E-03
+1.47500E-03,+1.15199640E+00,+67.29176E-03
+1.50000E-03,+1.16649397E+00,+67.07757E-03
+1.52500E-03,+1.18894360E+00,+66.82757E-03
+1.55000E-03,+1.20939592E+00,+66.62656E-03
+1.57500E-03,+1.22192092E+00,+66.21263E-03
+1.60000E-03,+1.23105403E+00,+66.10772E-03
+1.62500E-03,+1.24890609E+00,+65.68310E-03
+1.65000E-03,+1.27192140E+00,+65.33384E-03
+1.67500E-03,+1.29577769E+00,+65.24086E-03
+1.70000E-03,+1.30928279E+00,+64.89980E-03
+1.72500E-03,+1.31988587E+00,+64.44879E-03
+1.75000E-03,+1.33960965E+00,+64.25408E-03
+1.77500E-03,+1.36311464E+00,+63.84641E-03
+1.80000E-03,+1.37865480E+00,+63.55245E-03
+1.82500E-03,+1.38970991E+00,+63.07505E-03
+1.85000E-03,+1.40242366E+00,+62.61653E-03
+1.87500E-03,+1.42396893E+00,+62.33509E-03
+1.90000E-03,+1.44286355E+00,+62.00219E-03
+1.92500E-03,+1.45940855E+00,+61.77355E-03
+1.95000E-03,+1.47141841E+00,+61.51979E-03
+1.97500E-03,+1.48241085E+00,+61.04807E-03
+2.00000E-03,+1.49890624E+00,+60.82756E-03
+2.02500E-03,+1.52089100E+00,+60.43499E-03
+2.05000E-03,+1.53899418E+00,+60.13726E-03
+2.07500E-03,+1.55056435E+00,+59.69629E-03
+2.10000E-03,+1.56528801E+00,+59.20257E-03
+2.12500E-03,+1.58458449E+00,+58.79553E-03
+2.15000E-03,+1.60411964E+00,+58.43687E-03
+2.17500E-03,+1.62075264E+00,+58.07820E-03
+2.20000E-03,+1.63262452E+00,+57.78171E-03
+2.22500E-03,+1.64621761E+00,+57.41488E-03
+2.25000E-03,+1.66329029E+00,+57.14981E-03
+2.27500E-03,+1.68335304E+00,+56.81877E-03
+2.30000E-03,+1.69929548E+00,+56.51537E-03
+2.32500E-03,+1.70764952E+00,+55.85271E-03
+2.35000E-03,+1.71320229E+00,+55.68876E-03
+2.37500E-03,+1.72629295E+00,+55.07693E-03
+2.40000E-03,+1.74219756E+00,+54.67681E-03
+2.42500E-03,+1.76089094E+00,+54.42868E-03
+2.45000E-03,+1.77663208E+00,+53.98022E-03
+2.47500E-03,+1.78807666E+00,+53.44503E-03
+2.50000E-03,+1.79362963E+00,+53.07003E-03
+2.52500E-03,+1.80394347E+00,+52.77167E-03
+2.55000E-03,+1.82110449E+00,+52.19251E-03
+2.57500E-03,+1.83734818E+00,+51.94692E-03
+2.60000E-03,+1.85415706E+00,+51.50282E-03
+2.62500E-03,+1.86479800E+00,+50.85270E-03
+2.65000E-03,+1.87038838E+00,+50.53107E-03
+2.67500E-03,+1.87898118E+00,+49.98209E-03
+2.70000E-03,+1.89091598E+00,+49.43937E-03
+2.72500E-03,+1.90840376E+00,+49.01789E-03
+2.75000E-03,+1.92503675E+00,+48.64478E-03
+2.77500E-03,+1.93915732E+00,+48.17114E-03
+2.80000E-03,+1.94767473E+00,+47.71324E-03
+2.82500E-03,+1.95905686E+00,+47.32129E-03
+2.85000E-03,+1.96830309E+00,+46.85835E-03
+2.87500E-03,+1.98207180E+00,+46.29239E-03
+2.90000E-03,+1.99849144E+00,+45.78170E-03
+2.92500E-03,+2.01269992E+00,+45.38975E-03
+2.95000E-03,+2.02465963E+00,+44.90483E-03
+2.97500E-03,+2.03342863E+00,+44.22391E-03
+3.00000E-03,+2.03916960E+00,+43.79867E-03
+3.02500E-03,+2.04957165E+00,+43.39288E-03
+3.05000E-03,+2.06567744E+00,+42.83510E-03
+3.07500E-03,+2.08095376E+00,+42.48147E-03
+3.10000E-03,+2.09429525E+00,+41.91049E-03
+3.12500E-03,+2.10393097E+00,+41.35521E-03
+3.15000E-03,+2.11006160E+00,+40.88347E-03
+3.17500E-03,+2.11801408E+00,+40.42368E-03
+3.20000E-03,+2.12692105E+00,+39.91175E-03
+3.22500E-03,+2.13795124E+00,+39.34452E-03
+3.25000E-03,+2.15393123E+00,+38.79239E-03
+3.27500E-03,+2.16496121E+00,+38.25722E-03
+3.30000E-03,+2.17664454E+00,+37.72518E-03
+3.32500E-03,+2.18381810E+00,+37.32884E-03
+3.35000E-03,+2.19033796E+00,+36.63722E-03
+3.37500E-03,+2.19614202E+00,+36.10709E-03
+3.40000E-03,+2.20172013E+00,+35.67116E-03
+3.42500E-03,+2.21342854E+00,+35.17493E-03
+3.45000E-03,+2.22389348E+00,+34.77669E-03
+3.47500E-03,+2.23561436E+00,+34.13410E-03
+3.50000E-03,+2.24827797E+00,+33.58196E-03
+3.52500E-03,+2.25787591E+00,+33.08196E-03
+3.55000E-03,+2.26531286E+00,+32.47768E-03
+3.57500E-03,+2.27101631E+00,+32.14226E-03
+3.60000E-03,+2.27540075E+00,+31.53108E-03
+3.62500E-03,+2.28062713E+00,+30.92807E-03
+3.65000E-03,+2.28720986E+00,+30.49214E-03
+3.67500E-03,+2.29404414E+00,+30.01224E-03
+3.70000E-03,+2.30277546E+00,+29.26663E-03
+3.72500E-03,+2.31320228E+00,+28.81437E-03
+3.75000E-03,+2.32220997E+00,+28.24277E-03
+3.77500E-03,+2.33131781E+00,+27.75721E-03
+3.80000E-03,+2.33677012E+00,+27.20571E-03
+3.82500E-03,+2.34267478E+00,+26.63787E-03
+3.85000E-03,+2.34689593E+00,+26.09705E-03
+3.87500E-03,+2.35079018E+00,+25.35020E-03
+3.90000E-03,+2.35519975E+00,+24.94126E-03
+3.92500E-03,+2.35636811E+00,+24.46576E-03
+3.95000E-03,+2.36084043E+00,+23.88284E-03
+3.97500E-03,+2.36586555E+00,+23.31689E-03
+4.00000E-03,+2.37453398E+00,+22.77795E-03
+4.02500E-03,+2.38046359E+00,+22.18748E-03
+4.05000E-03,+2.38572743E+00,+21.80431E-03
+4.07500E-03,+2.39499879E+00,+21.09578E-03
+4.10000E-03,+2.40072736E+00,+20.47204E-03
+4.12500E-03,+2.41046354E+00,+19.97329E-03
+4.15000E-03,+2.41566452E+00,+19.38535E-03
+4.17500E-03,+2.42060176E+00,+18.85960E-03
+4.20000E-03,+2.42253668E+00,+18.19191E-03
+4.22500E-03,+2.42678266E+00,+17.86589E-03
+4.25000E-03,+2.43081532E+00,+17.06187E-03
+4.27500E-03,+2.43433289E+00,+16.36964E-03
+4.30000E-03,+2.43525006E+00,+16.02666E-03
+4.32500E-03,+2.43664440E+00,+15.49589E-03
+4.35000E-03,+2.44119216E+00,+14.79113E-03
+4.37500E-03,+2.44595329E+00,+14.28234E-03
+4.40000E-03,+2.44621733E+00,+13.67681E-03
+4.42500E-03,+2.45087814E+00,+13.13786E-03
+4.45000E-03,+2.45302638E+00,+12.47831E-03
+4.47500E-03,+2.45591585E+00,+12.05371E-03
+4.50000E-03,+2.45920740E+00,+11.37405E-03
+4.52500E-03,+2.46195849E+00,+10.71891E-03
+4.55000E-03,+2.46463430E+00,+10.34013E-03
+4.57500E-03,+2.46629287E+00,+9.73145E-03
+4.60000E-03,+2.46703394E+00,+9.11653E-03
+4.62500E-03,+2.47089081E+00,+8.41236E-03
+4.65000E-03,+2.47263700E+00,+7.95446E-03
+4.67500E-03,+2.47699616E+00,+7.48147E-03
+4.70000E-03,+2.47704646E+00,+6.81752E-03
+4.72500E-03,+2.47831539E+00,+6.47393E-03
+4.75000E-03,+2.48175751E+00,+5.65481E-03
+4.77500E-03,+2.48126758E+00,+5.00595E-03
+4.80000E-03,+2.48184547E+00,+4.49528E-03
+4.82500E-03,+2.48320235E+00,+3.87593E-03
+4.85000E-03,+2.48334040E+00,+3.45009E-03
+4.87500E-03,+2.48584043E+00,+2.85333E-03
+4.90000E-03,+2.48624248E+00,+2.03232E-03
+4.92500E-03,+2.48518725E+00,+1.35645E-03
+4.95000E-03,+2.48458414E+00,+815.63E-06
+4.97500E-03,+2.48423222E+00,+383.46E-06
+5.00000E-03,+2.48332805E+00,-86.38E-06
+5.02500E-03,+2.48458414E+00,-717.66E-06
+5.05000E-03,+2.48458414E+00,-1.17620E-03
+5.07500E-03,+2.48248595E+00,-1.83261E-03
+5.10000E-03,+2.48273723E+00,-2.51728E-03
+5.12500E-03,+2.48068974E+00,-3.01665E-03
+5.15000E-03,+2.47973464E+00,-3.51918E-03
+5.17500E-03,+2.47839082E+00,-4.21138E-03
+5.20000E-03,+2.47800139E+00,-4.71515E-03
+5.22500E-03,+2.47274990E+00,-5.56754E-03
+5.25000E-03,+2.47038821E+00,-6.11338E-03
+5.27500E-03,+2.46895603E+00,-6.72899E-03
+5.30000E-03,+2.46592825E+00,-7.32885E-03
+5.32500E-03,+2.46414447E+00,-8.05564E-03
+5.35000E-03,+2.45761148E+00,-8.11213E-03
+5.37500E-03,+2.45537549E+00,-8.71389E-03
+5.40000E-03,+2.45380525E+00,-9.49466E-03
+5.42500E-03,+2.44977252E+00,-10.13095E-03
+5.45000E-03,+2.44595349E+00,-10.49718E-03
+5.47500E-03,+2.44435806E+00,-10.93938E-03
+5.50000E-03,+2.44092837E+00,-11.57194E-03
+5.52500E-03,+2.43633035E+00,-12.01854E-03
+5.55000E-03,+2.43590324E+00,-12.72582E-03
+5.57500E-03,+2.43290054E+00,-13.30876E-03
+5.60000E-03,+2.43024997E+00,-13.81252E-03
+5.62500E-03,+2.42836536E+00,-14.42368E-03
+5.65000E-03,+2.42210896E+00,-14.96202E-03
+5.67500E-03,+2.41722208E+00,-15.58261E-03
+5.70000E-03,+2.41484792E+00,-16.25349E-03
+5.72500E-03,+2.40693318E+00,-16.77042E-03
+5.75000E-03,+2.39997319E+00,-17.57380E-03
+5.77500E-03,+2.39035045E+00,-18.00912E-03
+5.80000E-03,+2.38336541E+00,-18.49782E-03
+5.82500E-03,+2.37607891E+00,-19.16554E-03
+5.85000E-03,+2.36906895E+00,-19.59896E-03
+5.87500E-03,+2.36184529E+00,-20.13664E-03
+5.90000E-03,+2.35975988E+00,-20.82760E-03
+5.92500E-03,+2.35550123E+00,-21.38476E-03
+5.95000E-03,+2.35050121E+00,-22.06000E-03
+5.97500E-03,+2.34999867E+00,-22.55874E-03
+6.00000E-03,+2.34262399E+00,-23.17369E-03
+6.02500E-03,+2.33800092E+00,-23.64229E-03
+6.05000E-03,+2.32967189E+00,-24.30624E-03
+6.07500E-03,+2.32169477E+00,-24.80309E-03
+6.10000E-03,+2.31328982E+00,-25.21513E-03
+6.12500E-03,+2.30449601E+00,-25.85584E-03
+6.15000E-03,+2.29570200E+00,-26.68186E-03
+6.17500E-03,+2.28727228E+00,-27.24776E-03
+6.20000E-03,+2.28012435E+00,-27.54683E-03
+6.22500E-03,+2.27509922E+00,-28.30559E-03
+6.25000E-03,+2.27007410E+00,-28.66679E-03
+6.27500E-03,+2.26504897E+00,-29.28172E-03
+6.30000E-03,+2.25620446E+00,-29.96830E-03
+6.32500E-03,+2.24737275E+00,-30.63223E-03
+6.35000E-03,+2.23291300E+00,-31.12030E-03
+6.37500E-03,+2.22189541E+00,-31.62532E-03
+6.40000E-03,+2.21199565E+00,-32.14291E-03
+6.42500E-03,+2.20006132E+00,-32.52607E-03
+6.45000E-03,+2.19469721E+00,-33.01289E-03
+6.47500E-03,+2.18967209E+00,-33.71640E-03
+6.50000E-03,+2.18282531E+00,-34.29490E-03
+6.52500E-03,+2.17376730E+00,-34.65109E-03
+6.55000E-03,+2.16327730E+00,-35.33889E-03
+6.57500E-03,+2.14862928E+00,-35.85586E-03
+6.60000E-03,+2.13238529E+00,-36.24970E-03
+6.62500E-03,+2.12227232E+00,-36.76038E-03
+6.65000E-03,+2.11499862E+00,-37.38475E-03
+6.67500E-03,+2.10891822E+00,-37.85646E-03
+6.70000E-03,+2.10238526E+00,-38.35649E-03
+6.72500E-03,+2.09024971E+00,-39.03050E-03
+6.75000E-03,+2.07415662E+00,-39.24779E-03
+6.77500E-03,+2.05911903E+00,-39.84202E-03
+6.80000E-03,+2.04639283E+00,-40.47269E-03
+6.82500E-03,+2.03453382E+00,-40.87783E-03
+6.85000E-03,+2.02871724E+00,-41.39354E-03
+6.87500E-03,+2.01881777E+00,-42.10898E-03
+6.90000E-03,+2.00947074E+00,-42.40106E-03
+6.92500E-03,+1.99509888E+00,-42.93375E-03
+6.95000E-03,+1.97682006E+00,-43.42180E-03
+6.97500E-03,+1.96331526E+00,-43.96513E-03
+7.00000E-03,+1.95311403E+00,-44.48023E-03
+7.02500E-03,+1.94361654E+00,-44.74091E-03
+7.05000E-03,+1.93391798E+00,-45.56944E-03
+7.07500E-03,+1.91736036E+00,-45.82696E-03
+7.10000E-03,+1.90011139E+00,-46.49026E-03
+7.12500E-03,+1.88596569E+00,-46.92055E-03
+7.15000E-03,+1.87428252E+00,-47.38979E-03
+7.17500E-03,+1.86798860E+00,-47.97642E-03
+7.20000E-03,+1.86188305E+00,-48.35962E-03
+7.22500E-03,+1.84822697E+00,-48.77481E-03
+7.25000E-03,+1.83138043E+00,-49.19756E-03
+7.27500E-03,+1.81241066E+00,-49.53110E-03
+7.30000E-03,+1.79861672E+00,-49.99150E-03
+7.32500E-03,+1.79153104E+00,-50.35209E-03
+7.35000E-03,+1.78266199E+00,-50.80622E-03
+7.37500E-03,+1.77233513E+00,-51.50913E-03
+7.40000E-03,+1.75360373E+00,-51.86780E-03
+7.42500E-03,+1.73389282E+00,-52.22521E-03
+7.45000E-03,+1.71923217E+00,-52.72899E-03
+7.47500E-03,+1.71168184E+00,-53.19380E-03
+7.50000E-03,+1.70223483E+00,-53.58826E-03
+7.52500E-03,+1.69283760E+00,-53.80559E-03
+7.55000E-03,+1.67316413E+00,-54.38787E-03
+7.57500E-03,+1.65330237E+00,-54.81439E-03
+7.60000E-03,+1.63668209E+00,-55.15547E-03
+7.62500E-03,+1.62610420E+00,-55.63916E-03
+7.65000E-03,+1.61531232E+00,-55.96200E-03
+7.67500E-03,+1.59644300E+00,-56.44064E-03
+7.70000E-03,+1.57491028E+00,-56.78422E-03
+7.72500E-03,+1.55763654E+00,-57.36525E-03
+7.75000E-03,+1.54488554E+00,-57.69633E-03
+7.77500E-03,+1.52998601E+00,-58.11274E-03
+7.80000E-03,+1.51109119E+00,-58.50407E-03
+7.82500E-03,+1.49158124E+00,-58.36589E-03
+7.85000E-03,+1.47648101E+00,-58.84516E-03
+7.87500E-03,+1.46548860E+00,-59.39544E-03
+7.90000E-03,+1.45214667E+00,-59.69945E-03
+7.92500E-03,+1.43105342E+00,-60.21827E-03
+7.95000E-03,+1.41238505E+00,-60.61276E-03
+7.97500E-03,+1.39522455E+00,-61.05811E-03
+8.00000E-03,+1.38489815E+00,-61.41491E-03
+8.02500E-03,+1.37063892E+00,-61.47832E-03
+8.05000E-03,+1.35027465E+00,-61.91425E-03
+8.07500E-03,+1.33065159E+00,-62.23399E-03
+8.10000E-03,+1.31454609E+00,-62.59832E-03
+8.12500E-03,+1.30085280E+00,-63.13598E-03
+8.15000E-03,+1.28458365E+00,-63.34767E-03
+8.17500E-03,+1.26111646E+00,-63.71449E-03
+8.20000E-03,+1.24109134E+00,-64.06502E-03
+8.22500E-03,+1.22766169E+00,-64.37974E-03
+8.25000E-03,+1.21812644E+00,-64.86338E-03
+8.27500E-03,+1.19767428E+00,-65.16930E-03
+8.30000E-03,+1.17719674E+00,-65.48335E-03
+8.32500E-03,+1.15788792E+00,-65.84582E-03
+8.35000E-03,+1.14778752E+00,-66.00097E-03
+8.37500E-03,+1.13703355E+00,-66.46511E-03
+8.40000E-03,+1.11772442E+00,-66.72141E-03
+8.42500E-03,+1.09285008E+00,-66.96075E-03
+8.45000E-03,+1.07464641E+00,-67.23020E-03
+8.47500E-03,+1.06472212E+00,-67.60709E-03
+8.50000E-03,+1.05097822E+00,-67.69317E-03
+8.52500E-03,+1.03145527E+00,-68.08198E-03
+8.55000E-03,+1.00659385E+00,-68.11088E-03
+8.57500E-03,+991.04114E-03,-68.62091E-03
+8.60000E-03,+978.72966E-03,-68.73083E-03
+8.62500E-03,+958.64151E-03,-69.01539E-03
+8.65000E-03,+933.56603E-03,-69.20506E-03
+8.67500E-03,+911.19179E-03,-69.63537E-03
+8.70000E-03,+894.91051E-03,-69.77796E-03
+8.72500E-03,+873.45288E-03,-69.88475E-03
+8.75000E-03,+847.64905E-03,-70.12406E-03
+8.77500E-03,+828.66666E-03,-70.14351E-03
+8.80000E-03,+814.99816E-03,-70.56938E-03
+8.82500E-03,+794.11876E-03,-70.78048E-03
+8.85000E-03,+770.60144E-03,-71.01916E-03
+8.87500E-03,+751.04111E-03,-71.34894E-03
+8.90000E-03,+741.61895E-03,-71.53989E-03
+8.92500E-03,+726.59387E-03,-71.77232E-03
+8.95000E-03,+702.15910E-03,-71.81376E-03
+8.97500E-03,+680.29988E-03,-71.84578E-03
+9.00000E-03,+666.68208E-03,-72.25660E-03
+9.02500E-03,+654.38279E-03,-72.40989E-03
+9.05000E-03,+630.82744E-03,-72.85328E-03
+9.07500E-03,+607.10892E-03,-72.86529E-03
+9.10000E-03,+587.23450E-03,-73.02354E-03
+9.12500E-03,+572.64907E-03,-72.97580E-03
+9.15000E-03,+551.27933E-03,-73.02356E-03
+9.17500E-03,+524.63399E-03,-73.37846E-03
+9.20000E-03,+509.57129E-03,-73.49466E-03
+9.22500E-03,+496.40535E-03,-73.72646E-03
+9.25000E-03,+480.37515E-03,-73.85835E-03
+9.27500E-03,+453.49054E-03,-74.15736E-03
+9.30000E-03,+433.49078E-03,-74.09767E-03
+9.32500E-03,+420.52630E-03,-74.38851E-03
+9.35000E-03,+401.14135E-03,-74.47331E-03
+9.37500E-03,+375.91529E-03,-74.64669E-03
+9.40000E-03,+354.96084E-03,-74.65732E-03
+9.42500E-03,+341.83254E-03,-74.88914E-03
+9.45000E-03,+329.97324E-03,-75.00031E-03
+9.47500E-03,+305.76438E-03,-74.72835E-03
+9.50000E-03,+280.75198E-03,-75.18061E-03
+9.52500E-03,+263.91794E-03,-75.29051E-03
+9.55000E-03,+248.80477E-03,-75.30181E-03
+9.57500E-03,+224.54600E-03,-75.40738E-03
+9.60000E-03,+200.63896E-03,-75.33826E-03
+9.62500E-03,+183.76753E-03,-75.49153E-03
+9.65000E-03,+167.81241E-03,-75.43752E-03
+9.67500E-03,+149.54589E-03,-75.70948E-03
+9.70000E-03,+125.37520E-03,-75.87093E-03
+9.72500E-03,+107.20964E-03,-75.63976E-03
+9.75000E-03,+92.05883E-03,-75.75535E-03
+9.77500E-03,+73.18897E-03,-75.73398E-03
+9.80000E-03,+50.87776E-03,-75.75657E-03
+9.82500E-03,+31.63164E-03,-75.82193E-03
+9.85000E-03,+18.36520E-03,-75.89289E-03
+9.87500E-03,+2.79998E-03,-75.98460E-03
+9.90000E-03,-21.32089E-03,-76.05308E-03
+9.92500E-03,-43.59460E-03,-75.65170E-03
+9.95000E-03,-60.71752E-03,-75.23838E-03
+9.97500E-03,-78.09214E-03,-75.05999E-03
+10.00000E-03,-103.35620E-03,-75.05498E-03
+10.02500E-03,-126.78558E-03,-75.20068E-03
+10.05000E-03,-139.72514E-03,-75.40170E-03
+10.07500E-03,-153.28077E-03,-75.66806E-03
+10.10000E-03,-177.35077E-03,-75.70759E-03
+10.12500E-03,-202.16227E-03,-75.63599E-03
+10.15000E-03,-218.16746E-03,-75.43440E-03
+10.17500E-03,-233.15468E-03,-75.84390E-03
+10.20000E-03,-257.77815E-03,-75.80433E-03
+10.22500E-03,-284.44876E-03,-75.85082E-03
+10.25000E-03,-298.64452E-03,-75.91238E-03
+10.27500E-03,-313.48172E-03,-75.83197E-03
+10.30000E-03,-338.73290E-03,-75.68123E-03
+10.32500E-03,-363.63234E-03,-75.62846E-03
+10.35000E-03,-378.88324E-03,-75.58951E-03
+10.37500E-03,-394.93882E-03,-75.55119E-03
+10.40000E-03,-420.99423E-03,-75.50096E-03
+10.42500E-03,-445.75543E-03,-75.54802E-03
+10.45000E-03,-459.72525E-03,-75.29113E-03
+10.47500E-03,-474.07204E-03,-75.20698E-03
+10.50000E-03,-493.93415E-03,-75.14288E-03
+10.52500E-03,-519.75054E-03,-74.95319E-03
+10.55000E-03,-536.68505E-03,-74.81500E-03
+10.57500E-03,-549.37355E-03,-75.06498E-03
+10.60000E-03,-567.03700E-03,-74.78425E-03
+10.62500E-03,-593.30593E-03,-74.67807E-03
+10.65000E-03,-614.42366E-03,-74.40673E-03
+10.67500E-03,-627.81576E-03,-74.49656E-03
+10.70000E-03,-645.54189E-03,-74.29113E-03
+10.72500E-03,-669.44928E-03,-74.13908E-03
+10.75000E-03,-693.61953E-03,-73.99027E-03
+10.77500E-03,-705.45356E-03,-73.74905E-03
+10.80000E-03,-720.17760E-03,-73.65234E-03
+10.82500E-03,-744.90127E-03,-73.38723E-03
+10.85000E-03,-768.54440E-03,-73.36589E-03
+10.87500E-03,-782.18762E-03,-73.23961E-03
+10.90000E-03,-795.51677E-03,-73.19064E-03
+10.92500E-03,-815.81869E-03,-73.08634E-03
+10.95000E-03,-844.17288E-03,-72.85772E-03
+10.97500E-03,-858.56936E-03,-72.58007E-03
+11.00000E-03,-868.30557E-03,-72.60523E-03
+11.02500E-03,-883.75808E-03,-72.33699E-03
+11.05000E-03,-908.20513E-03,-72.20379E-03
+11.07500E-03,-931.70990E-03,-71.99151E-03
+11.10000E-03,-945.83078E-03,-71.79866E-03
+11.12500E-03,-959.70007E-03,-71.64729E-03
+11.15000E-03,-984.16043E-03,-71.31252E-03
+11.17500E-03,-1.00804212E+00,-71.19690E-03
+11.20000E-03,-1.02331819E+00,-70.79619E-03
+11.22500E-03,-1.03522774E+00,-70.46203E-03
+11.25000E-03,-1.05561733E+00,-70.56373E-03
+11.27500E-03,-1.08035340E+00,-70.31565E-03
+11.30000E-03,-1.09738818E+00,-70.00282E-03
+11.32500E-03,-1.10713698E+00,-69.88724E-03
+11.35000E-03,-1.11929818E+00,-69.58135E-03
+11.37500E-03,-1.13878332E+00,-69.35141E-03
+11.40000E-03,-1.16290367E+00,-68.98085E-03
+11.42500E-03,-1.17905926E+00,-68.65670E-03
+11.45000E-03,-1.19154689E+00,-68.59266E-03
+11.47500E-03,-1.21491387E+00,-68.19000E-03
+11.50000E-03,-1.23978813E+00,-68.02920E-03
+11.52500E-03,-1.25564228E+00,-67.74591E-03
+11.55000E-03,-1.26831791E+00,-67.45320E-03
+11.57500E-03,-1.28291627E+00,-67.12655E-03
+11.60000E-03,-1.30490136E+00,-66.89853E-03
+11.62500E-03,-1.32691130E+00,-66.56876E-03
+11.65000E-03,-1.34186082E+00,-66.29490E-03
+11.67500E-03,-1.35384552E+00,-65.97331E-03
+11.70000E-03,-1.37012744E+00,-65.56376E-03
+11.72500E-03,-1.39241375E+00,-65.24841E-03
+11.75000E-03,-1.41296652E+00,-65.11150E-03
+11.77500E-03,-1.42448636E+00,-64.72455E-03
+11.80000E-03,-1.43648411E+00,-64.49966E-03
+11.82500E-03,-1.45438634E+00,-64.15984E-03
+11.85000E-03,-1.47995136E+00,-63.72205E-03
+11.87500E-03,-1.49594388E+00,-63.19879E-03
+11.90000E-03,-1.50884580E+00,-63.00785E-03
+11.92500E-03,-1.52120750E+00,-62.65104E-03
+11.95000E-03,-1.54334355E+00,-62.27920E-03
+11.97500E-03,-1.56520244E+00,-62.09956E-03
+12.00000E-03,-1.57961199E+00,-62.14337E-03
+12.02500E-03,-1.58996381E+00,-61.38160E-03
+12.05000E-03,-1.60010183E+00,-61.11152E-03
+12.07500E-03,-1.61882082E+00,-60.75218E-03
+12.10000E-03,-1.63980049E+00,-60.15923E-03
+12.12500E-03,-1.65681066E+00,-59.77542E-03
+12.15000E-03,-1.66858184E+00,-59.49402E-03
+12.17500E-03,-1.68055429E+00,-59.06123E-03
+12.20000E-03,-1.69534084E+00,-58.68874E-03
+12.22500E-03,-1.71756445E+00,-58.40797E-03
+12.25000E-03,-1.73495142E+00,-57.97266E-03
+12.27500E-03,-1.74527768E+00,-57.49590E-03
+12.30000E-03,-1.75109435E+00,-57.08261E-03
+12.32500E-03,-1.76300407E+00,-56.75532E-03
+12.35000E-03,-1.78152186E+00,-56.21889E-03
+12.37500E-03,-1.79795384E+00,-55.76162E-03
+12.40000E-03,-1.81462470E+00,-55.36211E-03
+12.42500E-03,-1.82570481E+00,-54.90922E-03
+12.45000E-03,-1.83404678E+00,-54.55747E-03
+12.47500E-03,-1.84865756E+00,-53.96266E-03
+12.50000E-03,-1.86466259E+00,-53.80808E-03
+12.52500E-03,-1.88336833E+00,-53.42807E-03
+12.55000E-03,-1.89835612E+00,-53.15295E-03
+12.57500E-03,-1.90613195E+00,-52.80557E-03
+12.60000E-03,-1.91366998E+00,-52.14605E-03
+12.62500E-03,-1.92728802E+00,-51.69125E-03
+12.65000E-03,-1.94301666E+00,-51.15610E-03
+12.67500E-03,-1.95806671E+00,-50.71199E-03
+12.70000E-03,-1.97241370E+00,-50.33323E-03
+12.72500E-03,-1.98409709E+00,-49.86463E-03
+12.75000E-03,-1.99104398E+00,-49.37970E-03
+12.77500E-03,-1.99748890E+00,-48.93247E-03
+12.80000E-03,-2.01122006E+00,-48.61150E-03
+12.82500E-03,-2.02779076E+00,-48.20446E-03
+12.85000E-03,-2.04238855E+00,-47.64039E-03
+12.87500E-03,-2.05530318E+00,-47.21260E-03
+12.90000E-03,-2.06512721E+00,-46.80618E-03
+12.92500E-03,-2.07319239E+00,-46.15482E-03
+12.95000E-03,-2.08291628E+00,-45.75281E-03
+12.97500E-03,-2.09668483E+00,-45.18938E-03
+13.00000E-03,-2.11158456E+00,-44.66235E-03
+13.02500E-03,-2.12697374E+00,-44.32693E-03
+13.05000E-03,-2.13954935E+00,-43.73523E-03
+13.07500E-03,-2.14763942E+00,-43.26789E-03
+13.10000E-03,-2.15483827E+00,-42.76350E-03
+13.12500E-03,-2.16711190E+00,-42.28172E-03
+13.15000E-03,-2.17923534E+00,-41.95633E-03
+13.17500E-03,-2.19526573E+00,-41.24026E-03
+13.20000E-03,-2.20859431E+00,-40.88032E-03
+13.22500E-03,-2.21912213E+00,-40.41235E-03
+13.25000E-03,-2.22716207E+00,-39.79741E-03
+13.27500E-03,-2.23243842E+00,-39.24905E-03
+13.30000E-03,-2.23658459E+00,-38.80936E-03
+13.32500E-03,-2.24258935E+00,-38.17807E-03
+13.35000E-03,-2.25292849E+00,-37.51536E-03
+13.37500E-03,-2.26340617E+00,-36.93624E-03
+13.40000E-03,-2.27819239E+00,-36.43057E-03
+13.42500E-03,-2.28854418E+00,-35.83825E-03
+13.45000E-03,-2.29824262E+00,-35.32567E-03
+13.47500E-03,-2.30302890E+00,-34.99592E-03
+13.50000E-03,-2.31089358E+00,-34.47391E-03
+13.52500E-03,-2.31658394E+00,-33.85331E-03
+13.55000E-03,-2.32395867E+00,-33.61272E-03
+13.57500E-03,-2.33439813E+00,-32.97769E-03
+13.60000E-03,-2.34315485E+00,-32.44188E-03
+13.62500E-03,-2.35310451E+00,-31.96764E-03
+13.65000E-03,-2.36452396E+00,-31.41989E-03
+13.67500E-03,-2.37392086E+00,-30.82253E-03
+13.70000E-03,-2.38074274E+00,-30.32254E-03
+13.72500E-03,-2.38831787E+00,-29.81939E-03
+13.75000E-03,-2.39010203E+00,-29.16927E-03
+13.77500E-03,-2.39413443E+00,-28.55494E-03
+13.80000E-03,-2.40027776E+00,-27.97139E-03
+13.82500E-03,-2.40667247E+00,-27.34890E-03
+13.85000E-03,-2.41419727E+00,-26.54053E-03
+13.87500E-03,-2.42452408E+00,-26.16363E-03
+13.90000E-03,-2.43163458E+00,-25.54929E-03
+13.92500E-03,-2.44030328E+00,-25.03485E-03
+13.95000E-03,-2.44826786E+00,-24.34639E-03
+13.97500E-03,-2.45600668E+00,-23.97833E-03
+14.00000E-03,-2.45907155E+00,-23.39979E-03
+14.02500E-03,-2.46359419E+00,-22.89666E-03
+14.05000E-03,-2.46599393E+00,-22.42680E-03
+14.07500E-03,-2.46890829E+00,-21.70570E-03
+14.10000E-03,-2.47235087E+00,-21.10458E-03
+14.12500E-03,-2.47351885E+00,-20.69565E-03
+14.15000E-03,-2.47709922E+00,-20.07629E-03
+14.17500E-03,-2.47884551E+00,-19.43496E-03
+14.20000E-03,-2.48373242E+00,-18.92178E-03
+14.22500E-03,-2.48522745E+00,-18.20631E-03
+14.25000E-03,-2.48934796E+00,-17.79050E-03
+14.27500E-03,-2.49374495E+00,-17.08573E-03
+14.30000E-03,-2.49743878E+00,-16.55182E-03
+14.32500E-03,-2.50452387E+00,-16.01601E-03
+14.35000E-03,-2.50934790E+00,-15.36647E-03
+14.37500E-03,-2.51415958E+00,-14.83197E-03
+14.40000E-03,-2.51478766E+00,-14.21826E-03
+14.42500E-03,-2.52116954E+00,-13.70255E-03
+14.45000E-03,-2.52483791E+00,-13.30873E-03
+14.47500E-03,-2.52811693E+00,-12.71322E-03
+14.50000E-03,-2.53162208E+00,-12.01791E-03
+14.52500E-03,-2.53457409E+00,-11.49905E-03
+14.55000E-03,-2.53678539E+00,-10.97580E-03
+14.57500E-03,-2.53826780E+00,-10.33573E-03
+14.60000E-03,-2.53914699E+00,-9.87717E-03
+14.62500E-03,-2.54280252E+00,-9.24150E-03
+14.65000E-03,-2.54407161E+00,-8.71825E-03
+14.67500E-03,-2.54436059E+00,-7.93184E-03
+14.70000E-03,-2.54487529E+00,-7.66615E-03
+14.72500E-03,-2.54584257E+00,-7.07943E-03
+14.75000E-03,-2.54883286E+00,-6.37403E-03
+14.77500E-03,-2.54902133E+00,-5.89851E-03
+14.80000E-03,-2.54902133E+00,-5.32818E-03
+14.82500E-03,-2.54909677E+00,-4.60833E-03
+14.85000E-03,-2.55121982E+00,-4.00720E-03
+14.87500E-03,-2.54971225E+00,-3.48146E-03
+14.90000E-03,-2.55121982E+00,-2.88156E-03
+14.92500E-03,-2.55121982E+00,-2.32689E-03
+14.95000E-03,-2.55121982E+00,-1.95696E-03
+14.97500E-03,-2.55006410E+00,-1.30119E-03
+15.00000E-03,-2.54996366E+00,-573.17E-06
+15.02500E-03,-2.55121982E+00,-58.71E-06
+15.05000E-03,-2.54943587E+00,+556.25E-06
+15.07500E-03,-2.55041571E+00,+1.10714E-03
+15.10000E-03,-2.54942328E+00,+1.55623E-03
+15.12500E-03,-2.54902133E+00,+2.19064E-03
+15.15000E-03,-2.54624507E+00,+2.67119E-03
+15.17500E-03,-2.54870726E+00,+3.26477E-03
+15.20000E-03,-2.54791608E+00,+4.03363E-03
+15.22500E-03,-2.54382029E+00,+4.54556E-03
+15.25000E-03,-2.54368213E+00,+5.26227E-03
+15.27500E-03,-2.54045358E+00,+5.78675E-03
+15.30000E-03,-2.53865701E+00,+6.29303E-03
+15.32500E-03,-2.53609426E+00,+6.87854E-03
+15.35000E-03,-2.53424734E+00,+7.62529E-03
+15.37500E-03,-2.52998879E+00,+8.02294E-03
+15.40000E-03,-2.52721225E+00,+8.78174E-03
+15.42500E-03,-2.52232535E+00,+9.28867E-03
+15.45000E-03,-2.51848107E+00,+9.82948E-03
+15.47500E-03,-2.51324237E+00,+10.40170E-03
+15.50000E-03,-2.50850625E+00,+10.95006E-03
+15.52500E-03,-2.50147077E+00,+11.53488E-03
+15.55000E-03,-2.49820443E+00,+12.18374E-03
+15.57500E-03,-2.49238813E+00,+12.55060E-03
+15.60000E-03,-2.48840575E+00,+13.17622E-03
+15.62500E-03,-2.48652102E+00,+13.87407E-03
+15.65000E-03,-2.47968672E+00,+14.47019E-03
+15.67500E-03,-2.47835550E+00,+14.83763E-03
+15.70000E-03,-2.47364445E+00,+15.51227E-03
+15.72500E-03,-2.47333038E+00,+16.05811E-03
+15.75000E-03,-2.46937299E+00,+16.63788E-03
+15.77500E-03,-2.46828006E+00,+17.35083E-03
+15.80000E-03,-2.46488813E+00,+17.90109E-03
+15.82500E-03,-2.46011385E+00,+18.41553E-03
+15.85000E-03,-2.45745095E+00,+18.98714E-03
+15.87500E-03,-2.44870723E+00,+19.53989E-03
+15.90000E-03,-2.44116926E+00,+20.11718E-03
+15.92500E-03,-2.43321703E+00,+20.74656E-03
+15.95000E-03,-2.42348062E+00,+21.39734E-03
+15.97500E-03,-2.41471184E+00,+21.78613E-03
+16.00000E-03,-2.40812934E+00,+22.33514E-03
+16.02500E-03,-2.40145817E+00,+22.90673E-03
+16.05000E-03,-2.39491310E+00,+23.31504E-03
+16.07500E-03,-2.39251344E+00,+23.83763E-03
+16.10000E-03,-2.38727510E+00,+24.45510E-03
+16.12500E-03,-2.38124482E+00,+24.91992E-03
+16.15000E-03,-2.37384517E+00,+25.44630E-03
+16.17500E-03,-2.36277761E+00,+25.96581E-03
+16.20000E-03,-2.35111881E+00,+26.71139E-03
+16.22500E-03,-2.34028986E+00,+27.18561E-03
+16.25000E-03,-2.32791571E+00,+27.86590E-03
+16.27500E-03,-2.31967425E+00,+28.42496E-03
+16.30000E-03,-2.31510141E+00,+28.91617E-03
+16.32500E-03,-2.30825484E+00,+29.34834E-03
+16.35000E-03,-2.30267708E+00,+30.03172E-03
+16.37500E-03,-2.29588015E+00,+30.47585E-03
+16.40000E-03,-2.28539036E+00,+31.07886E-03
+16.42500E-03,-2.27471213E+00,+31.63786E-03
+16.45000E-03,-2.26229987E+00,+32.18376E-03
+16.47500E-03,-2.24968659E+00,+32.60835E-03
+16.50000E-03,-2.24054134E+00,+33.11717E-03
+16.52500E-03,-2.23590563E+00,+33.64039E-03
+16.55000E-03,-2.23088024E+00,+34.04805E-03
+16.57500E-03,-2.22615701E+00,+34.43186E-03
+16.60000E-03,-2.21678486E+00,+35.00032E-03
+16.62500E-03,-2.20410889E+00,+35.59831E-03
+16.65000E-03,-2.18977475E+00,+36.12533E-03
+16.67500E-03,-2.17498822E+00,+36.64042E-03
+16.70000E-03,-2.16433518E+00,+37.29239E-03
+16.72500E-03,-2.15189777E+00,+37.60395E-03
+16.75000E-03,-2.14468707E+00,+38.30875E-03
+16.77500E-03,-2.13343037E+00,+38.99908E-03
+16.80000E-03,-2.12143330E+00,+39.55685E-03
+16.82500E-03,-2.10477465E+00,+40.10774E-03
+16.85000E-03,-2.09086771E+00,+40.57824E-03
+16.87500E-03,-2.07917180E+00,+40.94694E-03
+16.90000E-03,-2.07099350E+00,+41.50786E-03
+16.92500E-03,-2.06177243E+00,+41.97521E-03
+16.95000E-03,-2.05001325E+00,+42.36777E-03
+16.97500E-03,-2.03570427E+00,+42.91743E-03
+17.00000E-03,-2.01893294E+00,+43.56000E-03
+17.02500E-03,-2.00247595E+00,+44.10585E-03
+17.05000E-03,-1.99400854E+00,+44.28047E-03
+17.07500E-03,-1.98598110E+00,+44.87280E-03
+17.10000E-03,-1.97893304E+00,+45.49279E-03
+17.12500E-03,-1.96566687E+00,+46.10081E-03
+17.15000E-03,-1.95162141E+00,+46.50597E-03
+17.17500E-03,-1.93229997E+00,+47.01416E-03
+17.20000E-03,-1.92026463E+00,+47.49780E-03
+17.22500E-03,-1.91051631E+00,+47.76978E-03
+17.25000E-03,-1.90121963E+00,+48.17684E-03
+17.27500E-03,-1.88935991E+00,+48.75157E-03
+17.30000E-03,-1.87110624E+00,+49.25971E-03
+17.32500E-03,-1.85456095E+00,+49.61842E-03
+17.35000E-03,-1.83973689E+00,+50.05559E-03
+17.37500E-03,-1.82992563E+00,+50.57319E-03
+17.40000E-03,-1.82067927E+00,+51.10585E-03
+17.42500E-03,-1.80697307E+00,+51.51539E-03
+17.45000E-03,-1.78789013E+00,+52.11212E-03
+17.47500E-03,-1.76900825E+00,+52.32822E-03
+17.50000E-03,-1.75505146E+00,+52.86589E-03
+17.52500E-03,-1.74918459E+00,+53.25286E-03
+17.55000E-03,-1.74064142E+00,+53.43248E-03
+17.57500E-03,-1.72637006E+00,+53.79177E-03
+17.60000E-03,-1.70554065E+00,+54.25850E-03
+17.62500E-03,-1.68425964E+00,+54.77545E-03
+17.65000E-03,-1.67350574E+00,+55.02546E-03
+17.67500E-03,-1.65978721E+00,+55.58448E-03
+17.70000E-03,-1.64608105E+00,+56.22145E-03
+17.72500E-03,-1.62528982E+00,+56.59269E-03
+17.75000E-03,-1.60637006E+00,+56.95508E-03
+17.77500E-03,-1.59280225E+00,+57.20010E-03
+17.80000E-03,-1.58290279E+00,+57.40108E-03
+17.82500E-03,-1.56925944E+00,+58.00033E-03
+17.85000E-03,-1.54959870E+00,+58.42430E-03
+17.87500E-03,-1.52772677E+00,+58.73902E-03
+17.90000E-03,-1.51177210E+00,+59.09393E-03
+17.92500E-03,-1.50170935E+00,+59.45261E-03
+17.95000E-03,-1.48370700E+00,+59.81000E-03
+17.97500E-03,-1.46320413E+00,+60.23209E-03
+18.00000E-03,-1.44305341E+00,+60.65798E-03
+18.02500E-03,-1.42866942E+00,+60.98586E-03
+18.05000E-03,-1.41594299E+00,+61.34017E-03
+18.07500E-03,-1.39953549E+00,+61.61275E-03
+18.10000E-03,-1.37800302E+00,+61.98086E-03
+18.12500E-03,-1.35775200E+00,+62.19379E-03
+18.15000E-03,-1.34717454E+00,+62.51223E-03
+18.17500E-03,-1.33360624E+00,+63.00471E-03
+18.20000E-03,-1.31566624E+00,+63.35584E-03
+18.22500E-03,-1.29180992E+00,+63.68248E-03
+18.25000E-03,-1.27446067E+00,+64.02163E-03
+18.27500E-03,-1.26158399E+00,+64.23524E-03
+18.30000E-03,-1.24772691E+00,+64.45509E-03
+18.32500E-03,-1.22583015E+00,+64.85903E-03
+18.35000E-03,-1.20002570E+00,+65.08387E-03
+18.37500E-03,-1.18451082E+00,+65.44128E-03
+18.40000E-03,-1.17101819E+00,+65.76602E-03
+18.42500E-03,-1.15008868E+00,+66.11528E-03
+18.45000E-03,-1.12870697E+00,+66.26913E-03
+18.47500E-03,-1.11227478E+00,+66.60397E-03
+18.50000E-03,-1.10322942E+00,+66.98965E-03
+18.52500E-03,-1.09164657E+00,+67.12718E-03
+18.55000E-03,-1.07182184E+00,+67.44879E-03
+18.57500E-03,-1.04466124E+00,+67.67808E-03
+18.60000E-03,-1.02687270E+00,+68.12537E-03
+18.62500E-03,-1.01591806E+00,+68.23964E-03
+18.65000E-03,-997.52590E-03,+68.44063E-03
+18.67500E-03,-969.38493E-03,+68.74594E-03
+18.70000E-03,-952.43806E-03,+68.97014E-03
+18.72500E-03,-938.17923E-03,+69.01039E-03
+18.75000E-03,-920.87997E-03,+69.02485E-03
+18.77500E-03,-895.93035E-03,+69.61588E-03
+18.80000E-03,-873.94570E-03,+69.82696E-03
+18.82500E-03,-862.83994E-03,+70.13159E-03
+18.85000E-03,-851.34496E-03,+70.38349E-03
+18.87500E-03,-828.54328E-03,+70.29996E-03
+18.90000E-03,-804.47307E-03,+70.69001E-03
+18.92500E-03,-789.28517E-03,+70.95887E-03
+18.95000E-03,-775.26466E-03,+71.16804E-03
+18.97500E-03,-755.08841E-03,+71.40488E-03
+19.00000E-03,-728.85715E-03,+71.59704E-03
+19.02500E-03,-711.03109E-03,+71.71450E-03
+19.05000E-03,-698.45551E-03,+71.96263E-03
+19.07500E-03,-679.44794E-03,+72.18442E-03
+19.10000E-03,-653.45524E-03,+72.28928E-03
+19.12500E-03,-631.05608E-03,+72.29740E-03
+19.15000E-03,-619.66181E-03,+72.24779E-03
+19.17500E-03,-606.74697E-03,+72.39038E-03
+19.20000E-03,-581.64609E-03,+72.72641E-03
+19.22500E-03,-557.99072E-03,+72.78990E-03
+19.25000E-03,-541.16925E-03,+72.90356E-03
+19.27500E-03,-529.78714E-03,+73.13283E-03
+19.30000E-03,-505.62881E-03,+73.34140E-03
+19.32500E-03,-481.14392E-03,+73.39226E-03
+19.35000E-03,-465.81742E-03,+73.49343E-03
+19.37500E-03,-452.60121E-03,+73.54745E-03
+19.40000E-03,-435.61642E-03,+73.73084E-03
+19.42500E-03,-406.11848E-03,+73.93123E-03
+19.45000E-03,-386.26975E-03,+74.08825E-03
+19.47500E-03,-371.18185E-03,+74.09265E-03
+19.50000E-03,-350.33983E-03,+74.26980E-03
+19.52500E-03,-323.40547E-03,+74.32882E-03
+19.55000E-03,-304.64894E-03,+74.42999E-03
+19.57500E-03,-293.20422E-03,+74.41487E-03
+19.60000E-03,-272.27474E-03,+74.44690E-03
+19.62500E-03,-244.74941E-03,+74.64669E-03
+19.65000E-03,-225.26452E-03,+74.97139E-03
+19.67500E-03,-210.99316E-03,+74.92742E-03
+19.70000E-03,-188.80689E-03,+74.67431E-03
+19.72500E-03,-164.49850E-03,+74.77289E-03
+19.75000E-03,-145.75468E-03,+74.74720E-03
+19.77500E-03,-134.08369E-03,+74.77667E-03
+19.80000E-03,-116.99781E-03,+74.91486E-03
+19.82500E-03,-91.53316E-03,+75.13409E-03
+19.85000E-03,-66.49568E-03,+75.12404E-03
+19.87500E-03,-52.60134E-03,+75.15544E-03
+19.90000E-03,-31.60857E-03,+75.04305E-03
+19.92500E-03,-10.98050E-03,+74.51538E-03
+19.95000E-03,+11.11732E-03,+74.30497E-03
+19.97500E-03,+25.58975E-03,+74.23776E-03
+20.00000E-03,+40.17518E-03,+74.30118E-03
+20.02500E-03,+61.65738E-03,+74.41742E-03
+20.05000E-03,+84.28294E-03,+74.63413E-03
+20.07500E-03,+99.87325E-03,+74.66987E-03
+20.10000E-03,+113.85587E-03,+74.70261E-03
+20.12500E-03,+137.47445E-03,+75.00470E-03
+20.15000E-03,+160.66513E-03,+75.03233E-03
+20.17500E-03,+177.75028E-03,+74.96138E-03
+20.20000E-03,+189.92389E-03,+74.91674E-03
+20.22500E-03,+209.55981E-03,+75.11027E-03
+20.25000E-03,+237.85106E-03,+74.86654E-03
+20.27500E-03,+257.14754E-03,+74.93936E-03
+20.30000E-03,+270.26326E-03,+74.96638E-03
+20.32500E-03,+291.58232E-03,+74.87595E-03
+20.35000E-03,+319.45938E-03,+74.79808E-03
+20.37500E-03,+336.09178E-03,+74.65925E-03
+20.40000E-03,+347.08434E-03,+74.65419E-03
+20.42500E-03,+362.87619E-03,+74.40544E-03
+20.45000E-03,+391.94657E-03,+74.45261E-03
+20.47500E-03,+411.51940E-03,+74.52480E-03
+20.50000E-03,+426.35577E-03,+74.10644E-03
+20.52500E-03,+443.89395E-03,+74.33635E-03
+20.55000E-03,+467.82601E-03,+74.23334E-03
+20.57500E-03,+488.70533E-03,+73.99909E-03
+20.60000E-03,+502.42354E-03,+73.84958E-03
+20.62500E-03,+514.10731E-03,+73.95570E-03
+20.65000E-03,+536.54453E-03,+73.70190E-03
+20.67500E-03,+563.85658E-03,+73.63848E-03
+20.70000E-03,+580.16262E-03,+73.47707E-03
+20.72500E-03,+595.79118E-03,+73.32884E-03
+20.75000E-03,+619.69832E-03,+72.95697E-03
+20.77500E-03,+646.77045E-03,+72.56445E-03
+20.80000E-03,+661.82084E-03,+72.53611E-03
+20.82500E-03,+674.65989E-03,+72.30621E-03
+20.85000E-03,+692.49962E-03,+72.33448E-03
+20.87500E-03,+716.36897E-03,+72.35389E-03
+20.90000E-03,+734.53448E-03,+72.14227E-03
+20.92500E-03,+746.66980E-03,+71.74785E-03
+20.95000E-03,+761.05433E-03,+71.75848E-03
+20.97500E-03,+784.82360E-03,+71.54745E-03
+21.00000E-03,+806.69528E-03,+71.19186E-03
+21.02500E-03,+824.67249E-03,+71.17869E-03
+21.05000E-03,+838.93118E-03,+71.08760E-03
+21.07500E-03,+861.23085E-03,+70.88160E-03
+21.10000E-03,+885.15002E-03,+70.80750E-03
+21.12500E-03,+904.49693E-03,+70.63600E-03
+21.15000E-03,+922.47418E-03,+70.27354E-03
+21.17500E-03,+947.85131E-03,+69.90920E-03
+21.20000E-03,+971.11739E-03,+70.07686E-03
+21.22500E-03,+985.03674E-03,+69.46574E-03
+21.25000E-03,+994.63505E-03,+69.37028E-03
+21.27500E-03,+1.01890638E+00,+69.10712E-03
+21.30000E-03,+1.04237400E+00,+68.95132E-03
+21.32500E-03,+1.05875530E+00,+68.78989E-03
+21.35000E-03,+1.07001130E+00,+68.39980E-03
+21.37500E-03,+1.08609227E+00,+68.28987E-03
+21.40000E-03,+1.10889392E+00,+68.09074E-03
+21.42500E-03,+1.13001158E+00,+67.65544E-03
+21.45000E-03,+1.14352938E+00,+67.51540E-03
+21.47500E-03,+1.15287612E+00,+67.29116E-03
+21.50000E-03,+1.16724798E+00,+66.98650E-03
+21.52500E-03,+1.18718527E+00,+66.72518E-03
+21.55000E-03,+1.20958434E+00,+66.53359E-03
+21.57500E-03,+1.22415756E+00,+66.41803E-03
+21.60000E-03,+1.23281320E+00,+65.94252E-03
+21.62500E-03,+1.24940871E+00,+65.76161E-03
+21.65000E-03,+1.27265056E+00,+65.43120E-03
+21.67500E-03,+1.29592906E+00,+65.22078E-03
+21.70000E-03,+1.30679579E+00,+64.74780E-03
+21.72500E-03,+1.32347950E+00,+64.52730E-03
+21.75000E-03,+1.34055214E+00,+64.25092E-03
+21.77500E-03,+1.36180857E+00,+63.93687E-03
+21.80000E-03,+1.37850422E+00,+63.56690E-03
+21.82500E-03,+1.38820283E+00,+63.13661E-03
+21.85000E-03,+1.40160695E+00,+62.49215E-03
+21.87500E-03,+1.41737386E+00,+62.33510E-03
+21.90000E-03,+1.43875544E+00,+61.94691E-03
+21.92500E-03,+1.45822759E+00,+61.64791E-03
+21.95000E-03,+1.47021273E+00,+61.39543E-03
+21.97500E-03,+1.48376812E+00,+61.05747E-03
+22.00000E-03,+1.50028822E+00,+60.87153E-03
+22.02500E-03,+1.52241119E+00,+60.30432E-03
+22.05000E-03,+1.53717257E+00,+60.16486E-03
+22.07500E-03,+1.55136851E+00,+59.58636E-03
+22.10000E-03,+1.56599192E+00,+59.18686E-03
+22.12500E-03,+1.58351704E+00,+58.87717E-03
+22.15000E-03,+1.60513750E+00,+58.55744E-03
+22.17500E-03,+1.62172012E+00,+58.15169E-03
+22.20000E-03,+1.63275009E+00,+57.89292E-03
+22.22500E-03,+1.64439604E+00,+57.43371E-03
+22.25000E-03,+1.66398194E+00,+57.08070E-03
+22.27500E-03,+1.68179587E+00,+56.82628E-03
+22.30000E-03,+1.69929568E+00,+56.56625E-03
+22.32500E-03,+1.70764955E+00,+55.99339E-03
+22.35000E-03,+1.71563972E+00,+55.34074E-03
+22.37500E-03,+1.72579055E+00,+54.96072E-03
+22.40000E-03,+1.74277591E+00,+54.59388E-03
+22.42500E-03,+1.76398187E+00,+54.23901E-03
+22.45000E-03,+1.77831556E+00,+53.73964E-03
+22.47500E-03,+1.78807669E+00,+53.45570E-03
+22.50000E-03,+1.79488603E+00,+53.14854E-03
+22.52500E-03,+1.80569005E+00,+52.70950E-03
+22.55000E-03,+1.82217268E+00,+52.26477E-03
+22.57500E-03,+1.83953419E+00,+51.81755E-03
+22.60000E-03,+1.85511238E+00,+51.38224E-03
+22.62500E-03,+1.86479820E+00,+51.06624E-03
+22.65000E-03,+1.87310178E+00,+50.43432E-03
+22.67500E-03,+1.87898121E+00,+49.89352E-03
+22.70000E-03,+1.89272544E+00,+49.49778E-03
+22.72500E-03,+1.90810203E+00,+49.03423E-03
+22.75000E-03,+1.92679557E+00,+48.56315E-03
+22.77500E-03,+1.93971026E+00,+48.31937E-03
+22.80000E-03,+1.94883046E+00,+47.80433E-03
+22.82500E-03,+1.95829051E+00,+47.16988E-03
+22.85000E-03,+1.96872995E+00,+46.81940E-03
+22.87500E-03,+1.98156922E+00,+46.26725E-03
+22.90000E-03,+1.99969807E+00,+45.66987E-03
+22.92500E-03,+2.01440853E+00,+45.33572E-03
+22.95000E-03,+2.02427019E+00,+45.01159E-03
+22.97500E-03,+2.03373036E+00,+44.25218E-03
+23.00000E-03,+2.03923276E+00,+43.80806E-03
+23.02500E-03,+2.04878050E+00,+43.40357E-03
+23.05000E-03,+2.06393155E+00,+42.93373E-03
+23.07500E-03,+2.07694666E+00,+42.42430E-03
+23.10000E-03,+2.09156922E+00,+41.87908E-03
+23.12500E-03,+2.10424506E+00,+41.26100E-03
+23.15000E-03,+2.10958415E+00,+40.89853E-03
+23.17500E-03,+2.11630544E+00,+40.43748E-03
+23.20000E-03,+2.12610444E+00,+39.98774E-03
+23.22500E-03,+2.13768783E+00,+39.47205E-03
+23.25000E-03,+2.15248664E+00,+39.00279E-03
+23.27500E-03,+2.16692135E+00,+38.40795E-03
+23.30000E-03,+2.17767497E+00,+37.81940E-03
+23.32500E-03,+2.18623014E+00,+37.22830E-03
+23.35000E-03,+2.19019984E+00,+36.74717E-03
+23.37500E-03,+2.19576528E+00,+36.17616E-03
+23.40000E-03,+2.20458422E+00,+35.64477E-03
+23.42500E-03,+2.21046411E+00,+35.16174E-03
+23.45000E-03,+2.22208452E+00,+34.83700E-03
+23.47500E-03,+2.23368007E+00,+34.18497E-03
+23.50000E-03,+2.24808973E+00,+33.56627E-03
+23.52500E-03,+2.25594093E+00,+33.11336E-03
+23.55000E-03,+2.26491086E+00,+32.48083E-03
+23.57500E-03,+2.27030045E+00,+32.11211E-03
+23.60000E-03,+2.27509922E+00,+31.48396E-03
+23.62500E-03,+2.28037564E+00,+30.94062E-03
+23.65000E-03,+2.28546354E+00,+30.45192E-03
+23.67500E-03,+2.29419508E+00,+29.87844E-03
+23.70000E-03,+2.30101672E+00,+29.30621E-03
+23.72500E-03,+2.31136818E+00,+28.74467E-03
+23.75000E-03,+2.32126779E+00,+28.35267E-03
+23.77500E-03,+2.32860440E+00,+27.79742E-03
+23.80000E-03,+2.33785085E+00,+27.07818E-03
+23.82500E-03,+2.34188341E+00,+26.54996E-03
+23.85000E-03,+2.34639319E+00,+26.07190E-03
+23.87500E-03,+2.35053896E+00,+25.44437E-03
+23.90000E-03,+2.35399388E+00,+24.86841E-03
+23.92500E-03,+2.35581530E+00,+24.46388E-03
+23.95000E-03,+2.36075253E+00,+23.81626E-03
+23.97500E-03,+2.36643107E+00,+23.31247E-03
+24.00000E-03,+2.37114201E+00,+22.80933E-03
+24.02500E-03,+2.38020014E+00,+22.25721E-03
+24.05000E-03,+2.38692132E+00,+21.51915E-03
+24.07500E-03,+2.39439578E+00,+21.04866E-03
+24.10000E-03,+2.40159423E+00,+20.53670E-03
+24.12500E-03,+2.40776250E+00,+19.80995E-03
+24.15000E-03,+2.41562690E+00,+19.25406E-03
+24.17500E-03,+2.42082786E+00,+18.91801E-03
+24.20000E-03,+2.42163238E+00,+18.16550E-03
+24.22500E-03,+2.42615454E+00,+17.70759E-03
+24.25000E-03,+2.43087812E+00,+17.09953E-03
+24.27500E-03,+2.43244847E+00,+16.46259E-03
+24.30000E-03,+2.43469691E+00,+15.95821E-03
+24.32500E-03,+2.43641839E+00,+15.42306E-03
+24.35000E-03,+2.44092837E+00,+14.77480E-03
+24.37500E-03,+2.44124259E+00,+14.21953E-03
+24.40000E-03,+2.44595349E+00,+13.67365E-03
+24.42500E-03,+2.44944630E+00,+13.17813E-03
+24.45000E-03,+2.45207154E+00,+12.45005E-03
+24.47500E-03,+2.45394359E+00,+11.93561E-03
+24.50000E-03,+2.45707204E+00,+11.35208E-03
+24.52500E-03,+2.45800157E+00,+10.93997E-03
+24.55000E-03,+2.46331553E+00,+10.31501E-03
+24.57500E-03,+2.46727274E+00,+9.82067E-03
+24.60000E-03,+2.46867985E+00,+9.07629E-03
+24.62500E-03,+2.47227266E+00,+8.43433E-03
+24.65000E-03,+2.47523745E+00,+7.94629E-03
+24.67500E-03,+2.47610425E+00,+7.47518E-03
+24.70000E-03,+2.47785021E+00,+6.99592E-03
+24.72500E-03,+2.47878020E+00,+6.42995E-03
+24.75000E-03,+2.48188329E+00,+5.74274E-03
+24.77500E-03,+2.48095353E+00,+4.99278E-03
+24.80000E-03,+2.48450846E+00,+4.35016E-03
+24.82500E-03,+2.48346652E+00,+3.98079E-03
+24.85000E-03,+2.48511209E+00,+3.29552E-03
+24.87500E-03,+2.48571487E+00,+2.77793E-03
+24.90000E-03,+2.48581542E+00,+2.04111E-03
+24.92500E-03,+2.48522477E+00,+1.50281E-03
+24.95000E-03,+2.48542581E+00,+814.38E-06
+24.97500E-03,+2.48567723E+00,+287.38E-06
